"281470698525538","281470698525538","JP","Japan"
"281470701983630","281470701983630","VN","Viet Nam"
"281470710774258","281470710774258","GB","United Kingdom of Great Britain and Northern Ireland"
"281470719020143","281470719020143","AM","Armenia"
"281470728240300","281470728240300","IT","Italy"
"281470732600181","281470732600181","GB","United Kingdom of Great Britain and Northern Ireland"
"281470732696079","281470732696079","GB","United Kingdom of Great Britain and Northern Ireland"
"281470733025623","281470733025623","US","United States of America"
"281470733340661","281470733340661","US","United States of America"
"281470733941699","281470733941699","AE","United Arab Emirates"
"281470736320396","281470736320396","DE","Germany"
"281470737174809","281470737174809","DE","Germany"
"281470737574551","281470737574551","US","United States of America"
"281470737854666","281470737854666","US","United States of America"
"281470738286377","281470738286377","US","United States of America"
"281470739020409","281470739020409","AU","Australia"
"281470739429695","281470739429695","JP","Japan"
"281470740148653","281470740148653","DE","Germany"
"281470740917784","281470740917784","US","United States of America"
"281470741629608","281470741629608","US","United States of America"
"281470745189078","281470745189078","US","United States of America"
"281470747254086","281470747254086","US","United States of America"
"281470748378345","281470748378345","IE","Ireland"
"281470750573411","281470750573411","US","United States of America"
"281470758328781","281470758328781","SG","Singapore"
"281470763268572","281470763268575","NO","Norway"
"281470765370702","281470765370702","HK","Hong Kong"
"281470766175144","281470766175144","RU","Russian Federation"
"281470767125205","281470767125205","NL","Netherlands (Kingdom of the)"
"281470767958580","281470767958580","RU","Russian Federation"
"281470767964094","281470767964094","RU","Russian Federation"
"281470768393767","281470768393767","RU","Russian Federation"
"281470769427925","281470769427925","SE","Sweden"
"281470770742391","281470770742391","US","United States of America"
"281470770761026","281470770761026","US","United States of America"
"281470770780386","281470770780386","US","United States of America"
"281470772302457","281470772302457","RU","Russian Federation"
"281470774413913","281470774413913","GB","United Kingdom of Great Britain and Northern Ireland"
"281470775424896","281470775424896","BE","Belgium"
"281470775469032","281470775469032","GB","United Kingdom of Great Britain and Northern Ireland"
"281470776008861","281470776008861","RU","Russian Federation"
"281470776240489","281470776240489","US","United States of America"
"281470777437355","281470777437355","US","United States of America"
"281470777536883","281470777536883","NL","Netherlands (Kingdom of the)"
"281470777886606","281470777886606","DE","Germany"
"281470778081011","281470778081011","EE","Estonia"
"281470780592458","281470780592458","RU","Russian Federation"
"281470780799475","281470780799480","CA","Canada"
"281470782285914","281470782285915","US","United States of America"
"281470824371057","281470824371057","CN","China"
"281470825665662","281470825665662","CN","China"
"281470829724238","281470829724238","HK","Hong Kong"
"281470829840385","281470829840385","GB","United Kingdom of Great Britain and Northern Ireland"
"281470830258054","281470830258054","HK","Hong Kong"
"281470830359330","281470830359330","SG","Singapore"
"281470830894554","281470830894554","US","United States of America"
"281470840864299","281470840864299","US","United States of America"
"281470896416384","281470896416391","US","United States of America"
"281470902505636","281470902505636","GB","United Kingdom of Great Britain and Northern Ireland"
"281470903237858","281470903237858","SE","Sweden"
"281470903592759","281470903592759","US","United States of America"
"281470904273056","281470904273056","US","United States of America"
"281470905822414","281470905822414","US","United States of America"
"281470908035778","281470908035778","KR","Korea (the Republic of)"
"281470908218417","281470908218417","IN","India"
"281470913748815","281470913748815","SG","Singapore"
"281470913765308","281470913765308","SG","Singapore"
"281470913810331","281470913810331","SG","Singapore"
"281470914867994","281470914867994","SG","Singapore"
"281470914910962","281470914910962","SG","Singapore"
"281470915077831","281470915077831","IN","India"
"281470915180101","281470915180101","IN","India"
"281470915972339","281470915972339","ZA","South Africa"
"281470918808811","281470918808811","KR","Korea (the Republic of)"
"281470925279447","281470925279447","JP","Japan"
"281470940741524","281470940741524","US","United States of America"
"281470945747845","281470945747845","FR","France"
"281470946832347","281470946832347","US","United States of America"
"281470948819263","281470948819263","CA","Canada"
"281470953535432","281470953535432","AU","Australia"
"281470980874064","281470980874064","US","United States of America"
"281470992311844","281470992311844","GB","United Kingdom of Great Britain and Northern Ireland"
"281470992697168","281470992697168","SG","Singapore"
"281470993064015","281470993064015","SG","Singapore"
"281470993966081","281470993966081","DE","Germany"
"281470994822275","281470994822275","GB","United Kingdom of Great Britain and Northern Ireland"
"281470995739852","281470995739852","JP","Japan"
"281470996251531","281470996251531","US","United States of America"
"281470996966887","281470996966887","IE","Ireland"
"281470997921373","281470997921373","US","United States of America"
"281470998327231","281470998327231","US","United States of America"
"281470998836195","281470998836195","BR","Brazil"
"281470999300937","281470999300937","US","United States of America"
"281471018866424","281471018866424","SG","Singapore"
"281471021921748","281471021921748","AU","Australia"
"281471024570720","281471024570720","FR","France"
"281471028023154","281471028023154","US","United States of America"
"281471030060297","281471030060297","JP","Japan"
"281471031245410","281471031245410","SG","Singapore"
"281471032872286","281471032872286","US","United States of America"
"281471068890144","281471068890144","US","United States of America"
"281471069400830","281471069400830","US","United States of America"
"281471069442760","281471069442760","US","United States of America"
"281471073081621","281471073081621","US","United States of America"
"281471073788150","281471073788150","US","United States of America"
"281471073815292","281471073815292","US","United States of America"
"281471073850344","281471073850344","US","United States of America"
"281471073892204","281471073892204","US","United States of America"
"281471074203672","281471074203672","US","United States of America"
"281471074676886","281471074676886","US","United States of America"
"281471074813206","281471074813207","NL","Netherlands (Kingdom of the)"
"281471077025864","281471077025864","US","United States of America"
"281471079370773","281471079370773","US","United States of America"
"281471082466760","281471082466760","US","United States of America"
"281471082734483","281471082734483","US","United States of America"
"281471083158116","281471083158116","US","United States of America"
"281471084005456","281471084005456","US","United States of America"
"281471084097986","281471084097986","US","United States of America"
"281471084291470","281471084291470","US","United States of America"
"281471138040419","281471138040419","CN","China"
"281471139959817","281471139959817","VN","Viet Nam"
"281471142925421","281471142925421","KR","Korea (the Republic of)"
"281471202073253","281471202073265","SE","Sweden"
"281471203467810","281471203467810","GB","United Kingdom of Great Britain and Northern Ireland"
"281471203787501","281471203787502","RU","Russian Federation"
"281471204481343","281471204481343","RU","Russian Federation"
"281471204633616","281471204633616","UA","Ukraine"
"281471204719305","281471204719305","UA","Ukraine"
"281471205595749","281471205595749","JP","Japan"
"281471205680563","281471205680563","US","United States of America"
"281471205741373","281471205741379","US","United States of America"
"281471210405085","281471210405085","IR","Iran (Islamic Republic of)"
"281471212941841","281471212941841","GB","United Kingdom of Great Britain and Northern Ireland"
"281471215347248","281471215347250","TR","Turkiye"
"281471216444786","281471216444786","NL","Netherlands (Kingdom of the)"
"281471256892118","281471256892118","US","United States of America"
"281471257620640","281471257620640","US","United States of America"
"281471258078142","281471258078142","NL","Netherlands (Kingdom of the)"
"281471258292997","281471258292997","IN","India"
"281471260135315","281471260135315","US","United States of America"
"281471261738743","281471261738743","JP","Japan"
"281471265199899","281471265199899","US","United States of America"
"281471265945816","281471265945816","US","United States of America"
"281471266404495","281471266404495","US","United States of America"
"281471266729051","281471266729051","US","United States of America"
"281471267797221","281471267797221","US","United States of America"
"281471268836499","281471268836499","IE","Ireland"
"281471271172250","281471271172252","US","United States of America"
"281471275036775","281471275036775","US","United States of America"
"281471279666669","281471279666669","US","United States of America"
"281471280582678","281471280582678","GB","United Kingdom of Great Britain and Northern Ireland"
"281471280817183","281471280817183","FR","France"
"281471281181416","281471281181416","US","United States of America"
"281471281695068","281471281695068","TW","Taiwan (Province of China)"
"281471281986539","281471281986539","SG","Singapore"
"281471282292304","281471282292304","US","United States of America"
"281471283324963","281471283324963","ID","Indonesia"
"281471284006324","281471284006324","TW","Taiwan (Province of China)"
"281471284460432","281471284460432","TW","Taiwan (Province of China)"
"281471285042384","281471285042384","US","United States of America"
"281471286246492","281471286246492","CN","China"
"281471302491865","281471302491865","CN","China"
"281471303677930","281471303677930","UA","Ukraine"
"281471304311323","281471304311323","FI","Finland"
"281471304599957","281471304599958","IR","Iran (Islamic Republic of)"
"281471304614547","281471304614547","AZ","Azerbaijan"
"281471306408963","281471306408963","FR","France"
"281471310397508","281471310397508","US","United States of America"
"281471311642647","281471311642647","TH","Thailand"
"281471312510941","281471312510941","IR","Iran (Islamic Republic of)"
"281471316927434","281471316927434","NL","Netherlands (Kingdom of the)"
"281471317936105","281471317936105","RU","Russian Federation"
"281471319763683","281471319763683","DO","Dominican Republic"
"281471321251018","281471321251018","US","United States of America"
"281471322238406","281471322238406","DO","Dominican Republic"
"281471322660178","281471322660178","US","United States of America"
"281471322827475","281471322827475","BD","Bangladesh"
"281471323266971","281471323266971","RU","Russian Federation"
"281471323580898","281471323580898","MX","Mexico"
"281471324485568","281471324485568","US","United States of America"
"281471325129851","281471325129851","US","United States of America"
"281471325313280","281471325313535","US","United States of America"
"281471326122978","281471326122978","US","United States of America"
"281471327394951","281471327394951","MX","Mexico"
"281471327898671","281471327898672","US","United States of America"
"281471328175620","281471328175620","US","United States of America"
"281471328800840","281471328800840","US","United States of America"
"281471329561362","281471329561362","DO","Dominican Republic"
"281471329897072","281471329897072","CA","Canada"
"281471329901356","281471329901356","CA","Canada"
"281471331103094","281471331103094","TR","Turkiye"
"281471331819957","281471331819957","PK","Pakistan"
"281471334018415","281471334018415","DO","Dominican Republic"
"281471335563785","281471335563785","VE","Venezuela (Bolivarian Republic of)"
"281471342470005","281471342470005","CN","China"
"281471342890507","281471342890507","CN","China"
"281471342959512","281471342959512","CN","China"
"281471343177621","281471343177621","CN","China"
"281471358303123","281471358303123","HK","Hong Kong"
"281471360904685","281471360904685","US","United States of America"
"281471374296616","281471374296616","US","United States of America"
"281471374301968","281471374301968","US","United States of America"
"281471374304594","281471374304594","US","United States of America"
"281471374309143","281471374309146","US","United States of America"
"281471374311800","281471374311800","US","United States of America"
"281471374314700","281471374314708","US","United States of America"
"281471374319661","281471374319662","US","United States of America"
"281471374324038","281471374324038","US","United States of America"
"281471374327750","281471374327750","US","United States of America"
"281471375175310","281471375175310","SZ","Eswatini"
"281471378731874","281471378731874","GH","Ghana"
"281471383812932","281471383812932","GB","United Kingdom of Great Britain and Northern Ireland"
"281471393798527","281471393798527","VN","Viet Nam"
"281471398996043","281471398996043","CN","China"
"281471411622915","281471411622915","HK","Hong Kong"
"281471411766730","281471411766730","RU","Russian Federation"
"281471411969730","281471411969730","SG","Singapore"
"281471412290804","281471412290804","CN","China"
"281471413215875","281471413215875","US","United States of America"
"281471413346625","281471413346625","HK","Hong Kong"
"281471413618635","281471413618635","US","United States of America"
"281471416336892","281471416336892","KR","Korea (the Republic of)"
"281471416730355","281471416730355","JP","Japan"
"281471418173948","281471418173948","AR","Argentina"
"281471419068506","281471419068506","PK","Pakistan"
"281471419270665","281471419270665","SG","Singapore"
"281471422020648","281471422020648","CA","Canada"
"281471433385798","281471433385798","US","United States of America"
"281471436926916","281471436926916","DE","Germany"
"281471437291520","281471437291775","CA","Canada"
"281471437416212","281471437416212","CA","Canada"
"281471437540218","281471437540218","LU","Luxembourg"
"281471437643434","281471437643434","UA","Ukraine"
"281471438839419","281471438839419","US","United States of America"
"281471438880957","281471438880957","US","United States of America"
"281471439281956","281471439281956","CZ","Czechia"
"281471439553716","281471439553716","GB","United Kingdom of Great Britain and Northern Ireland"
"281471439582094","281471439582094","ES","Spain"
"281471440355540","281471440355540","US","United States of America"
"281471440504613","281471440504613","US","United States of America"
"281471440627970","281471440627970","US","United States of America"
"281471440960534","281471440960534","IN","India"
"281471441158248","281471441158248","RU","Russian Federation"
"281471441441676","281471441441676","US","United States of America"
"281471441458463","281471441458464","US","United States of America"
"281471441721452","281471441721452","DE","Germany"
"281471441765441","281471441765441","US","United States of America"
"281471441803703","281471441803703","US","United States of America"
"281471441883960","281471441883960","SG","Singapore"
"281471441987652","281471441987652","GB","United Kingdom of Great Britain and Northern Ireland"
"281471442107990","281471442107990","IQ","Iraq"
"281471442278486","281471442278488","CZ","Czechia"
"281471442472997","281471442472997","GB","United Kingdom of Great Britain and Northern Ireland"
"281471442577564","281471442577564","US","United States of America"
"281471442767323","281471442767324","US","United States of America"
"281471444077042","281471444077042","BD","Bangladesh"
"281471444538258","281471444538258","VN","Viet Nam"
"281471444918952","281471444918952","HK","Hong Kong"
"281471445239561","281471445239561","KZ","Kazakhstan"
"281471445418548","281471445418553","BY","Belarus"
"281471445519360","281471445520127","US","United States of America"
"281471445623450","281471445623556","RO","Romania"
"281471445787732","281471445787732","DE","Germany"
"281471445842316","281471445842316","US","United States of America"
"281471445937197","281471445937197","GB","United Kingdom of Great Britain and Northern Ireland"
"281471446036164","281471446036164","RU","Russian Federation"
"281471446172110","281471446172110","RU","Russian Federation"
"281471446335001","281471446335001","ES","Spain"
"281471446447019","281471446447019","DE","Germany"
"281471446530034","281471446530034","ES","Spain"
"281471446764139","281471446764139","RU","Russian Federation"
"281471447045500","281471447045500","IQ","Iraq"
"281471447405150","281471447405150","BO","Bolivia (Plurinational State of)"
"281471448240900","281471448240900","BR","Brazil"
"281471448946739","281471448946740","US","United States of America"
"281471449419288","281471449419288","HK","Hong Kong"
"281471449792695","281471449792695","KH","Cambodia"
"281471449938770","281471449938770","KH","Cambodia"
"281471450292218","281471450292218","US","United States of America"
"281471451834804","281471451834804","VE","Venezuela (Bolivarian Republic of)"
"281471452971341","281471452971341","IN","India"
"281471453248067","281471453248068","SG","Singapore"
"281471453707293","281471453707293","US","United States of America"
"281471453736739","281471453736739","US","United States of America"
"281471454033105","281471454033105","RU","Russian Federation"
"281471454052357","281471454052358","RU","Russian Federation"
"281471454635749","281471454635749","NL","Netherlands (Kingdom of the)"
"281471454997141","281471454997141","AZ","Azerbaijan"
"281471455846470","281471455846470","UA","Ukraine"
"281471455972929","281471455972929","UA","Ukraine"
"281471456392587","281471456392587","RU","Russian Federation"
"281471459944810","281471459944810","UA","Ukraine"
"281471459952271","281471459952271","UA","Ukraine"
"281471459961899","281471459961899","UA","Ukraine"
"281471460137836","281471460137836","GB","United Kingdom of Great Britain and Northern Ireland"
"281471460398062","281471460398062","FR","France"
"281471463239919","281471463239920","RU","Russian Federation"
"281471463401879","281471463401879","UA","Ukraine"
"281471464062444","281471464062444","DE","Germany"
"281471465003367","281471465003368","IN","India"
"281471468533286","281471468533286","CZ","Czechia"
"281471468953298","281471468953298","RU","Russian Federation"
"281471470010687","281471470010687","SE","Sweden"
"281471474011039","281471474011039","HK","Hong Kong"
"281471475239479","281471475239479","HK","Hong Kong"
"281471476065642","281471476065642","US","United States of America"
"281471476235259","281471476235259","US","United States of America"
"281471476402585","281471476402585","CN","China"
"281471476526904","281471476526904","CN","China"
"281471476647272","281471476647272","CN","China"
"281471476747592","281471476747592","CN","China"
"281471476787528","281471476787528","CN","China"
"281471476826410","281471476826410","CN","China"
"281471476871514","281471476871514","CN","China"
"281471476935837","281471476935837","CN","China"
"281471476945977","281471476945977","CN","China"
"281471477034044","281471477034044","CN","China"
"281471477078986","281471477078986","CN","China"
"281471477181188","281471477181188","CN","China"
"281471477194933","281471477194933","CN","China"
"281471477279774","281471477279774","CN","China"
"281471477330570","281471477330570","CN","China"
"281471477373429","281471477373429","CN","China"
"281471477392220","281471477392220","CN","China"
"281471477398758","281471477398758","CN","China"
"281471477410504","281471477410504","CN","China"
"281471477492273","281471477492273","CN","China"
"281471477584490","281471477584490","CN","China"
"281471477651605","281471477651605","CN","China"
"281471477658968","281471477658968","CN","China"
"281471477727542","281471477727542","CN","China"
"281471477755380","281471477755380","CN","China"
"281471477777539","281471477777539","CN","China"
"281471477791232","281471477791232","CN","China"
"281471477830334","281471477830334","CN","China"
"281471477862200","281471477862200","CN","China"
"281471477879219","281471477879219","CN","China"
"281471477886300","281471477886300","CN","China"
"281471477902616","281471477902616","CN","China"
"281471477930242","281471477930242","CN","China"
"281471478672812","281471478672812","SG","Singapore"
"281471485744548","281471485744548","SG","Singapore"
"281471486006547","281471486006547","HK","Hong Kong"
"281471486176216","281471486176216","HK","Hong Kong"
"281471486247734","281471486247734","HK","Hong Kong"
"281471486727782","281471486727782","US","United States of America"
"281471486766558","281471486766559","US","United States of America"
"281471486925135","281471486925135","US","United States of America"
"281471486959552","281471486959552","DE","Germany"
"281471504614630","281471504614630","DE","Germany"
"281471507124569","281471507124570","IN","India"
"281471509572655","281471509572656","CN","China"
"281471518811894","281471518811894","TH","Thailand"
"281471519466755","281471519466755","KR","Korea (the Republic of)"
"281471521657916","281471521657916","US","United States of America"
"281471528084066","281471528084067","US","United States of America"
"281471528207528","281471528207528","US","United States of America"
"281471538248948","281471538248948","NO","Norway"
"281471538394884","281471538394884","NL","Netherlands (Kingdom of the)"
"281471538720872","281471538720872","SE","Sweden"
"281471539936909","281471539936909","FR","France"
"281471542313601","281471542313601","DE","Germany"
"281471542571442","281471542571442","CA","Canada"
"281471542698700","281471542698700","US","United States of America"
"281471542901053","281471542901053","IL","Israel"
"281471544142971","281471544142971","FR","France"
"281471547754627","281471547754627","FR","France"
"281471547797692","281471547797693","NL","Netherlands (Kingdom of the)"
"281471547982580","281471547982580","AU","Australia"
"281471550212972","281471550212972","GB","United Kingdom of Great Britain and Northern Ireland"
"281471551980703","281471551980703","CA","Canada"
"281471554752675","281471554752675","US","United States of America"
"281471556101785","281471556101785","DE","Germany"
"281471557670219","281471557670219","US","United States of America"
"281471558130991","281471558130991","CA","Canada"
"281471559258812","281471559258812","SG","Singapore"
"281471559647409","281471559647409","CN","China"
"281471563363603","281471563363603","IN","India"
"281471565444841","281471565444841","IN","India"
"281471566826984","281471566826984","JP","Japan"
"281471568138438","281471568138438","IE","Ireland"
"281471569299775","281471569299775","KR","Korea (the Republic of)"
"281471569664719","281471569664719","NL","Netherlands (Kingdom of the)"
"281471590162176","281471590162176","DE","Germany"
"281471590317678","281471590317678","CA","Canada"
"281471593257439","281471593257439","US","United States of America"
"281471593976277","281471593976277","JP","Japan"
"281471598164103","281471598164103","US","United States of America"
"281471598832237","281471598832237","SG","Singapore"
"281471599465347","281471599465347","SG","Singapore"
"281471599860561","281471599860561","US","United States of America"
"281471600663900","281471600663900","US","United States of America"
"281471601365869","281471601365869","US","United States of America"
"281471602334838","281471602334838","CN","China"
"281471603359225","281471603359225","JP","Japan"
"281471604273059","281471604273059","AU","Australia"
"281471646452605","281471646452605","FR","France"
"281471648027653","281471648027653","US","United States of America"
"281471665112828","281471665112828","JP","Japan"
"281471672407002","281471672407002","KR","Korea (the Republic of)"
"281471681591529","281471681591529","IN","India"
"281471701799518","281471701799518","CN","China"
"281471713354948","281471713354948","JP","Japan"
"281471724177733","281471724177733","FR","France"
"281471727052682","281471727052682","RU","Russian Federation"
"281471728280122","281471728280122","DE","Germany"
"281471729983239","281471729983239","UA","Ukraine"
"281471733183852","281471733183852","FR","France"
"281471735165402","281471735165402","IQ","Iraq"
"281471735728208","281471735728208","FR","France"
"281471737210860","281471737210862","RU","Russian Federation"
"281471748565470","281471748565470","US","United States of America"
"281471756808473","281471756808473","US","United States of America"
"281471758146740","281471758146740","US","United States of America"
"281471760376602","281471760376602","CA","Canada"
"281471762840376","281471762840376","US","United States of America"
"281471764480764","281471764480764","CZ","Czechia"
"281471764494272","281471764494272","US","United States of America"
"281471767831765","281471767831765","US","United States of America"
"281471770381111","281471770381111","NL","Netherlands (Kingdom of the)"
"281471772278260","281471772278260","IN","India"
"281471773675842","281471773675842","FI","Finland"
"281471779391590","281471779391590","FI","Finland"
"281471789550827","281471789550827","US","United States of America"
"281471791816902","281471791816902","US","United States of America"
"281471794630086","281471794630086","US","United States of America"
"281471799520027","281471799520041","US","United States of America"
"281471800948825","281471800948825","MN","Mongolia"
"281471803845838","281471803845838","US","United States of America"
"281471807816266","281471807816266","US","United States of America"
"281471819298236","281471819298236","US","United States of America"
"281471820697334","281471820697334","US","United States of America"
"281471827312213","281471827312213","US","United States of America"
"281471834611649","281471834611649","IN","India"
"281471836997634","281471836997634","IE","Ireland"
"281471842390248","281471842390248","US","United States of America"
"281471850019474","281471850019474","US","United States of America"
"281471850109958","281471850109958","US","United States of America"
"281471850307242","281471850307242","US","United States of America"
"281471858475594","281471858475594","PR","Puerto Rico"
"281471892753057","281471892753057","US","United States of America"
"281471928588288","281471928590335","US","United States of America"
"281471936801190","281471936801190","US","United States of America"
"281471946702790","281471946702790","US","United States of America"
"281471951315048","281471951315048","US","United States of America"
"281471976476965","281471976476965","GB","United Kingdom of Great Britain and Northern Ireland"
"281471978496050","281471978496050","BA","Bosnia and Herzegovina"
"281471979038895","281471979038895","PL","Poland"
"281471979577577","281471979577577","VN","Viet Nam"
"281471988056671","281471988056672","FR","France"
"281471988997472","281471988997472","KG","Kyrgyzstan"
"281471989560866","281471989560913","GB","United Kingdom of Great Britain and Northern Ireland"
"281471990145034","281471990145034","PL","Poland"
"281471992381572","281471992381572","UA","Ukraine"
"281471992396614","281471992396614","UA","Ukraine"
"281471996498174","281471996498174","SA","Saudi Arabia"
"281471999239350","281471999239350","TR","Turkiye"
"281471999612614","281471999612614","GB","United Kingdom of Great Britain and Northern Ireland"
"281472000506636","281472000506636","UA","Ukraine"
"281472000772387","281472000772387","RU","Russian Federation"
"281472000776534","281472000776534","RU","Russian Federation"
"281472015271586","281472015271586","BG","Bulgaria"
"281472016349588","281472016349588","DE","Germany"
"281472028121852","281472028121852","RU","Russian Federation"
"281472028656168","281472028656168","BG","Bulgaria"
"281472029553160","281472029553160","DE","Germany"
"281472030192442","281472030192442","GB","United Kingdom of Great Britain and Northern Ireland"
"281472037811585","281472037811585","PL","Poland"
"281472039989970","281472039989970","FR","France"
"281472040233348","281472040233411","SE","Sweden"
"281472041043471","281472041043471","RU","Russian Federation"
"281472042197781","281472042197781","IT","Italy"
"281472042794905","281472042794905","DE","Germany"
"281472051910148","281472051910148","NL","Netherlands (Kingdom of the)"
"281472058897152","281472058897663","US","United States of America"
"281472059307264","281472059307775","ZA","South Africa"
"281472065003980","281472065003980","RU","Russian Federation"
"281472065194790","281472065194790","RS","Serbia"
"281472067558912","281472067559167","KR","Korea (the Republic of)"
"281472070321024","281472070321024","NL","Netherlands (Kingdom of the)"
"281472072094596","281472072094596","ES","Spain"
"281472083571956","281472083571960","GB","United Kingdom of Great Britain and Northern Ireland"
"281472083945862","281472083945862","GB","United Kingdom of Great Britain and Northern Ireland"
"281472084722351","281472084722351","FR","France"
"281472088582202","281472088582202","AT","Austria"
"281472092058064","281472092058064","LT","Lithuania"
"281472092511506","281472092511506","RU","Russian Federation"
"281472093207398","281472093207398","IT","Italy"
"281472093398986","281472093398986","EG","Egypt"
"281472104141208","281472104141208","DE","Germany"
"281472107243997","281472107243997","CA","Canada"
"281472108715628","281472108715628","GB","United Kingdom of Great Britain and Northern Ireland"
"281472113821321","281472113821322","RU","Russian Federation"
"281472113826196","281472113826196","RU","Russian Federation"
"281472115534220","281472115534220","RU","Russian Federation"
"281472120121428","281472120121428","BG","Bulgaria"
"281472121077444","281472121077444","RS","Serbia"
"281472121495984","281472121495984","LT","Lithuania"
"281472121896868","281472121896868","DE","Germany"
"281472127096576","281472127096831","SG","Singapore"
"281472131243921","281472131243921","HU","Hungary"
"281472146350488","281472146350488","KZ","Kazakhstan"
"281472146357671","281472146357671","KZ","Kazakhstan"
"281472149344896","281472149344896","FR","France"
"281472157486066","281472157486066","GB","United Kingdom of Great Britain and Northern Ireland"
"281472163537411","281472163537411","LI","Liechtenstein"
"281472168015067","281472168015067","GB","United Kingdom of Great Britain and Northern Ireland"
"281472171901885","281472171901885","NL","Netherlands (Kingdom of the)"
"281472172359433","281472172359433","US","United States of America"
"281472176214203","281472176214203","PL","Poland"
"281472177081831","281472177081831","RO","Romania"
"281472177502362","281472177502362","PL","Poland"
"281472177742448","281472177742448","IT","Italy"
"281472178733239","281472178733239","DE","Germany"
"281472182152584","281472182152584","NL","Netherlands (Kingdom of the)"
"281472182636800","281472182637055","US","United States of America"
"281472184758568","281472184758568","HK","Hong Kong"
"281472187063224","281472187063224","RU","Russian Federation"
"281472187491582","281472187491582","PL","Poland"
"281472188557134","281472188557134","RU","Russian Federation"
"281472190171754","281472190171754","RU","Russian Federation"
"281472191284965","281472191284965","SG","Singapore"
"281472214002470","281472214002470","NL","Netherlands (Kingdom of the)"
"281472215005248","281472215005248","DE","Germany"
"281472215522127","281472215522127","DE","Germany"
"281472216408766","281472216408766","FR","France"
"281472217152838","281472217152839","US","United States of America"
"281472218202704","281472218202704","BG","Bulgaria"
"281472221035676","281472221035676","RU","Russian Federation"
"281472221407582","281472221407582","RU","Russian Federation"
"281472221612198","281472221612198","RU","Russian Federation"
"281472222089848","281472222089850","UA","Ukraine"
"281472222491733","281472222491733","RU","Russian Federation"
"281472222882729","281472222882729","UA","Ukraine"
"281472223079628","281472223079628","RU","Russian Federation"
"281472223342818","281472223342818","RS","Serbia"
"281472223862436","281472223862454","US","United States of America"
"281472224111248","281472224111248","RU","Russian Federation"
"281472224313686","281472224313686","RU","Russian Federation"
"281472224390400","281472224390655","US","United States of America"
"281472224425179","281472224425179","TR","Turkiye"
"281472224469892","281472224469892","UA","Ukraine"
"281472224681623","281472224681623","UA","Ukraine"
"281472227658982","281472227658982","BA","Bosnia and Herzegovina"
"281472228594195","281472228594196","RU","Russian Federation"
"281472229427746","281472229427746","RU","Russian Federation"
"281472233056968","281472233056968","RU","Russian Federation"
"281472239839114","281472239839114","FR","France"
"281472241336140","281472241336140","KG","Kyrgyzstan"
"281472247146373","281472247146373","US","United States of America"
"281472248276633","281472248276633","RU","Russian Federation"
"281472250113361","281472250113361","NL","Netherlands (Kingdom of the)"
"281472252341106","281472252341108","ES","Spain"
"281472253504912","281472253504913","IL","Israel"
"281472254049414","281472254049414","NL","Netherlands (Kingdom of the)"
"281472254522662","281472254522662","RU","Russian Federation"
"281472261774986","281472261774986","UA","Ukraine"
"281472265572766","281472265572766","NL","Netherlands (Kingdom of the)"
"281472267400892","281472267400892","US","United States of America"
"281472267974540","281472267974540","RU","Russian Federation"
"281472269069462","281472269069462","BG","Bulgaria"
"281472270421978","281472270421978","IR","Iran (Islamic Republic of)"
"281472271885445","281472271885445","UA","Ukraine"
"281472274663327","281472274663327","RU","Russian Federation"
"281472275168183","281472275168198","CA","Canada"
"281472277336306","281472277336306","RU","Russian Federation"
"281472278110255","281472278110255","IR","Iran (Islamic Republic of)"
"281472278129053","281472278129053","IR","Iran (Islamic Republic of)"
"281472280002378","281472280002378","UA","Ukraine"
"281472281287146","281472281287146","BG","Bulgaria"
"281472284918151","281472284918151","TR","Turkiye"
"281472285947194","281472285947194","UA","Ukraine"
"281472286021963","281472286021963","IQ","Iraq"
"281472286025413","281472286025413","IQ","Iraq"
"281472286347207","281472286347207","US","United States of America"
"281472286386893","281472286386893","US","United States of America"
"281472287011769","281472287011769","RU","Russian Federation"
"281472287374532","281472287374532","DE","Germany"
"281472289418587","281472289418587","NL","Netherlands (Kingdom of the)"
"281472289770117","281472289770117","FI","Finland"
"281472293000839","281472293000840","US","United States of America"
"281472332340381","281472332340381","CL","Chile"
"281472358471225","281472358471225","CA","Canada"
"281472378499971","281472378499971","CN","China"
"281472379361284","281472379361284","SG","Singapore"
"281472383433341","281472383433341","TH","Thailand"
"281472384938663","281472384938663","CN","China"
"281472397244578","281472397244578","US","United States of America"
"281472401536794","281472401536794","US","United States of America"
"281472403837848","281472403837850","SG","Singapore"
"281472404970886","281472404970886","ZA","South Africa"
"281472407000314","281472407000314","NG","Nigeria"
"281472407648335","281472407648337","ZA","South Africa"
"281472410255739","281472410255739","ID","Indonesia"
"281472410734061","281472410734065","SG","Singapore"
"281472411017467","281472411017467","AF","Afghanistan"
"281472411529141","281472411529141","IN","India"
"281472412118477","281472412118477","BD","Bangladesh"
"281472412604581","281472412604582","MM","Myanmar"
"281472412912173","281472412912173","CN","China"
"281472413426696","281472413426696","NL","Netherlands (Kingdom of the)"
"281472414115457","281472414115458","US","United States of America"
"281472414536805","281472414536805","PK","Pakistan"
"281472414652260","281472414652260","PK","Pakistan"
"281472414815622","281472414815622","ID","Indonesia"
"281472415046578","281472415046578","HK","Hong Kong"
"281472415265930","281472415265930","ID","Indonesia"
"281472415585136","281472415585136","IN","India"
"281472415801571","281472415801572","IN","India"
"281472416189552","281472416189552","ID","Indonesia"
"281472416634091","281472416634091","PK","Pakistan"
"281472416826390","281472416826390","ID","Indonesia"
"281472417095401","281472417095402","ID","Indonesia"
"281472417340910","281472417340910","ID","Indonesia"
"281472417673274","281472417673274","US","United States of America"
"281472417974122","281472417974122","ID","Indonesia"
"281472418282989","281472418282989","PH","Philippines"
"281472418541500","281472418541500","VN","Viet Nam"
"281472418819769","281472418819770","IN","India"
"281472419072476","281472419072476","VN","Viet Nam"
"281472419277244","281472419277244","ID","Indonesia"
"281472419494280","281472419494280","IN","India"
"281472419688962","281472419688962","PK","Pakistan"
"281472419843317","281472419843317","VN","Viet Nam"
"281472420044126","281472420044126","VN","Viet Nam"
"281472420274462","281472420274462","ID","Indonesia"
"281472420504224","281472420504224","IN","India"
"281472420707569","281472420707570","ID","Indonesia"
"281472420807528","281472420807528","IN","India"
"281472421024737","281472421024737","ID","Indonesia"
"281472421170441","281472421170441","ID","Indonesia"
"281472421417371","281472421417371","US","United States of America"
"281472421585906","281472421585906","IN","India"
"281472421701850","281472421701850","IN","India"
"281472421868243","281472421868243","ID","Indonesia"
"281472422214577","281472422214577","ID","Indonesia"
"281472422533825","281472422533825","IN","India"
"281472422928679","281472422928679","JP","Japan"
"281472423256562","281472423256562","VN","Viet Nam"
"281472423720534","281472423720534","MN","Mongolia"
"281472423990215","281472423990215","IN","India"
"281472424299015","281472424299016","IN","India"
"281472424809488","281472424809488","CN","China"
"281472425122032","281472425122032","IN","India"
"281472425495700","281472425495700","IN","India"
"281472425883243","281472425883243","US","United States of America"
"281472426358784","281472426359807","US","United States of America"
"281472435028808","281472435028808","US","United States of America"
"281472435188836","281472435188836","US","United States of America"
"281472436019742","281472436019742","US","United States of America"
"281472436039151","281472436039152","US","United States of America"
"281472436055592","281472436055592","US","United States of America"
"281472436274444","281472436274444","US","United States of America"
"281472436342540","281472436342540","US","United States of America"
"281472437353358","281472437353358","US","United States of America"
"281472437568793","281472437568793","US","United States of America"
"281472437617806","281472437617806","US","United States of America"
"281472439324182","281472439324182","GB","United Kingdom of Great Britain and Northern Ireland"
"281472440148520","281472440148520","DE","Germany"
"281472440151320","281472440151320","DE","Germany"
"281472440154032","281472440154032","DE","Germany"
"281472440221813","281472440221813","HK","Hong Kong"
"281472441165707","281472441165710","PL","Poland"
"281472441246467","281472441246467","US","United States of America"
"281472441457850","281472441457850","US","United States of America"
"281472441484600","281472441484600","US","United States of America"
"281472441935478","281472441935478","US","United States of America"
"281472442167998","281472442167998","US","United States of America"
"281472442255715","281472442255715","AR","Argentina"
"281472442833280","281472442833280","DE","Germany"
"281472442871465","281472442871465","GB","United Kingdom of Great Britain and Northern Ireland"
"281472443009531","281472443009532","UA","Ukraine"
"281472443136856","281472443136870","US","United States of America"
"281472443329932","281472443329936","US","United States of America"
"281472460142385","281472460142385","BD","Bangladesh"
"281472461078042","281472461078042","CN","China"
"281472461108731","281472461108731","CN","China"
"281472463672244","281472463672244","CN","China"
"281472465083786","281472465083786","CN","China"
"281472486757531","281472486757531","US","United States of America"
"281472486915230","281472486915230","US","United States of America"
"281472487119114","281472487119114","US","United States of America"
"281472487128505","281472487128506","US","United States of America"
"281472487768484","281472487768484","US","United States of America"
"281472488191776","281472488191781","US","United States of America"
"281472488226434","281472488226434","US","United States of America"
"281472488250656","281472488250656","US","United States of America"
"281472488275532","281472488275532","US","United States of America"
"281472488305300","281472488305304","US","United States of America"
"281472488332646","281472488332646","US","United States of America"
"281472488378612","281472488378619","US","United States of America"
"281472488435041","281472488435041","US","United States of America"
"281472488712997","281472488712997","US","United States of America"
"281472488807035","281472488807036","GB","United Kingdom of Great Britain and Northern Ireland"
"281472497701394","281472497701394","US","United States of America"
"281472504506060","281472504506060","US","United States of America"
"281472504675604","281472504675604","US","United States of America"
"281472515296858","281472515296858","RU","Russian Federation"
"281472517393477","281472517393477","BA","Bosnia and Herzegovina"
"281472517688094","281472517688094","UA","Ukraine"
"281472518456688","281472518456688","UA","Ukraine"
"281472520951254","281472520951254","BG","Bulgaria"
"281472521636096","281472521636096","GB","United Kingdom of Great Britain and Northern Ireland"
"281472523338175","281472523338176","RU","Russian Federation"
"281472523607313","281472523607316","RU","Russian Federation"
"281472524086781","281472524086781","RU","Russian Federation"
"281472525467796","281472525467796","UA","Ukraine"
"281472525699817","281472525699817","IT","Italy"
"281472526715882","281472526715882","RU","Russian Federation"
"281472526754746","281472526754746","FI","Finland"
"281472530131752","281472530131752","KR","Korea (the Republic of)"
"281472533353948","281472533353953","PH","Philippines"
"281472533388122","281472533388122","PK","Pakistan"
"281472542692063","281472542692063","IN","India"
"281472549953170","281472549953170","MY","Malaysia"
"281472552669593","281472552669593","CN","China"
"281472559138489","281472559138489","CN","China"
"281472568668361","281472568668362","HK","Hong Kong"
"281472578281351","281472578281351","HK","Hong Kong"
"281472581614622","281472581614622","TW","Taiwan (Province of China)"
"281472585263261","281472585263261","CN","China"
"281472590405789","281472590405789","CN","China"
"281472599612341","281472599612341","CN","China"
"281472601328085","281472601328085","CN","China"
"281472607449740","281472607449740","KR","Korea (the Republic of)"
"281472609503919","281472609503919","CN","China"
"281472613887672","281472613887673","US","United States of America"
"281472620760941","281472620760941","PH","Philippines"
"281472631703972","281472631703972","PK","Pakistan"
"281472634446290","281472634446290","VN","Viet Nam"
"281472641193427","281472641193427","DE","Germany"
"281472641418157","281472641418158","PK","Pakistan"
"281472646003442","281472646003442","ID","Indonesia"
"281472649349096","281472649349096","CN","China"
"281472652544763","281472652544763","AU","Australia"
"281472663498431","281472663498431","CN","China"
"281472666023829","281472666023829","VN","Viet Nam"
"281472668503470","281472668503470","PK","Pakistan"
"281472671322251","281472671322251","TW","Taiwan (Province of China)"
"281472677015718","281472677015718","JP","Japan"
"281472679790650","281472679790650","CN","China"
"281472680108126","281472680108126","KR","Korea (the Republic of)"
"281472681188155","281472681188155","CN","China"
"281472685866444","281472685866444","CN","China"
"281472694080647","281472694080647","JP","Japan"
"281472694804291","281472694804291","IN","India"
"281472696747982","281472696747982","CN","China"
"281472700055612","281472700055612","CN","China"
"281472700865254","281472700865254","ID","Indonesia"
"281472714451534","281472714451534","CN","China"
"281472719496046","281472719496046","JP","Japan"
"281472721855726","281472721855726","KR","Korea (the Republic of)"
"281472723967132","281472723967132","KR","Korea (the Republic of)"
"281472726913600","281472726913600","CN","China"
"281472736078265","281472736078265","CN","China"
"281472745746703","281472745746703","CN","China"
"281472753562454","281472753562454","CN","China"
"281472758919961","281472758919961","CN","China"
"281472766487686","281472766487686","IN","India"
"281472772344871","281472772344871","IN","India"
"281472776629407","281472776629407","CN","China"
"281472780863803","281472780863803","JP","Japan"
"281472784620036","281472784620036","CN","China"
"281472788266584","281472788266584","KR","Korea (the Republic of)"
"281472809373074","281472809373074","PH","Philippines"
"281472835181685","281472835181685","US","United States of America"
"281472840873229","281472840873229","US","United States of America"
"281472842300371","281472842300371","SG","Singapore"
"281472842319723","281472842319724","SG","Singapore"
"281472848702986","281472848702986","NL","Netherlands (Kingdom of the)"
"281472859413836","281472859413836","CN","China"
"281472860911279","281472860911279","PH","Philippines"
"281472866839422","281472866839422","DE","Germany"
"281472879528309","281472879528309","UA","Ukraine"
"281472892432453","281472892432454","EC","Ecuador"
"281472911583559","281472911583559","CN","China"
"281472915226209","281472915226209","JP","Japan"
"281472926387823","281472926387823","JP","Japan"
"281472934156131","281472934156131","BR","Brazil"
"281472934702368","281472934702368","US","United States of America"
"281472937911275","281472937911275","GB","United Kingdom of Great Britain and Northern Ireland"
"281472943135604","281472943135605","US","United States of America"
"281472943626544","281472943626544","IN","India"
"281472954873381","281472954873381","FR","France"
"281472958567849","281472958567849","FI","Finland"
"281472963491057","281472963491057","US","United States of America"
"281472972915379","281472972915379","NL","Netherlands (Kingdom of the)"
"281472985091579","281472985091579","FR","France"
"281472992331769","281472992331769","US","United States of America"
"281473001215978","281473001215978","JP","Japan"
"281473002514655","281473002514655","CO","Colombia"
"281473005184821","281473005184821","NO","Norway"
"281473005412782","281473005412782","US","United States of America"
"281473009925703","281473009925703","US","United States of America"
"281473010211696","281473010211696","DE","Germany"
"281473014131931","281473014131931","HK","Hong Kong"
"281473017647397","281473017647397","IN","India"
"281473017675120","281473017675120","SG","Singapore"
"281473019318736","281473019318736","IN","India"
"281473020322875","281473020322875","AU","Australia"
"281473024410403","281473024410403","JP","Japan"
"281473025401038","281473025401038","MX","Mexico"
"281473025629515","281473025629515","SG","Singapore"
"281473026792763","281473026792763","CN","China"
"281473035928883","281473035928883","US","United States of America"
"281473039937046","281473039937046","CN","China"
"281473045955245","281473045955246","US","United States of America"
"281473046975668","281473046975668","CN","China"
"281473048057369","281473048057370","HK","Hong Kong"
"281473053537456","281473053537456","FR","France"
"281473053775540","281473053775540","CN","China"
"281473056511600","281473056511600","US","United States of America"
"281473064375373","281473064375373","US","United States of America"
"281473070216556","281473070216556","US","United States of America"
"281473070257982","281473070257982","IN","India"
"281473071411182","281473071411183","SG","Singapore"
"281473078175252","281473078175252","US","United States of America"
"281473078185099","281473078185099","US","United States of America"
"281473081859177","281473081859177","US","United States of America"
"281473089905876","281473089905876","US","United States of America"
"281473093903333","281473093903333","US","United States of America"
"281473099261010","281473099261010","IN","India"
"281473105971625","281473105971625","GB","United Kingdom of Great Britain and Northern Ireland"
"281473108726520","281473108726520","US","United States of America"
"281473108737562","281473108737562","US","United States of America"
"281473110930718","281473110930718","US","United States of America"
"281473120346583","281473120346584","NL","Netherlands (Kingdom of the)"
"281473129056717","281473129056717","SG","Singapore"
"281473130157731","281473130157731","FR","France"
"281473134932756","281473134932756","KR","Korea (the Republic of)"
"281473135863040","281473135863295","LK","Sri Lanka"
"281473141598377","281473141598378","RU","Russian Federation"
"281473143392784","281473143392784","RU","Russian Federation"
"281473143719691","281473143719692","US","United States of America"
"281473150975197","281473150975197","US","United States of America"
"281473153152085","281473153152086","RU","Russian Federation"
"281473156364692","281473156364698","FR","France"
"281473159964537","281473159964537","US","United States of America"
"281473164461542","281473164461542","CZ","Czechia"
"281473173622733","281473173622733","US","United States of America"
"281473182011424","281473182011424","GB","United Kingdom of Great Britain and Northern Ireland"
"281473182749075","281473182749075","US","United States of America"
"281473183409209","281473183409209","US","United States of America"
"281473183443236","281473183443236","US","United States of America"
"281473185225024","281473185225024","CA","Canada"
"281473186210822","281473186210822","PK","Pakistan"
"281473189861851","281473189861851","RU","Russian Federation"
"281473190063870","281473190063870","ID","Indonesia"
"281473197820469","281473197820469","US","United States of America"
"281473205481546","281473205481546","HK","Hong Kong"
"281473206032233","281473206032233","TW","Taiwan (Province of China)"
"281473207744268","281473207744268","GB","United Kingdom of Great Britain and Northern Ireland"
"281473220352032","281473220352032","FR","France"
"281473230579660","281473230579660","GB","United Kingdom of Great Britain and Northern Ireland"
"281473231361603","281473231361603","ES","Spain"
"281473234774155","281473234774155","US","United States of America"
"281473235412821","281473235412821","DE","Germany"
"281473236325704","281473236325704","KR","Korea (the Republic of)"
"281473239090320","281473239090320","ZA","South Africa"
"281473239104708","281473239104708","ZA","South Africa"
"281473239121003","281473239121003","ZA","South Africa"
"281473239148849","281473239148849","ZA","South Africa"
"281473250840642","281473250840642","US","United States of America"
"281473265642752","281473265643007","US","United States of America"
"281473265852623","281473265852624","NL","Netherlands (Kingdom of the)"
"281473265895611","281473265895612","US","United States of America"
"281473266055598","281473266055598","DE","Germany"
"281473266252251","281473266252251","US","United States of America"
"281473266328170","281473266328170","US","United States of America"
"281473266606762","281473266606762","US","United States of America"
"281473267185549","281473267185549","US","United States of America"
"281473267443326","281473267443326","US","United States of America"
"281473267446627","281473267446627","US","United States of America"
"281473267931381","281473267931381","CA","Canada"
"281473268322389","281473268322389","US","United States of America"
"281473269226856","281473269226856","PK","Pakistan"
"281473270168983","281473270168983","ZA","South Africa"
"281473270974944","281473270974944","FR","France"
"281473271436628","281473271436628","GB","United Kingdom of Great Britain and Northern Ireland"
"281473278155714","281473278155714","US","United States of America"
"281473278379524","281473278379524","US","United States of America"
"281473278617498","281473278617498","PE","Peru"
"281473278622576","281473278622576","PE","Peru"
"281473278699028","281473278699028","US","United States of America"
"281473278702278","281473278702278","US","United States of America"
"281473278704848","281473278704848","US","United States of America"
"281473279414118","281473279414118","HK","Hong Kong"
"281473288410482","281473288410482","US","United States of America"
"281473291293899","281473291293899","CA","Canada"
"281473298870685","281473298870686","GB","United Kingdom of Great Britain and Northern Ireland"
"281473313842523","281473313842523","JP","Japan"
"281473314653400","281473314653400","US","United States of America"
"281473314658011","281473314658012","FR","France"
"281473314665820","281473314665820","US","United States of America"
"281473314826076","281473314826076","HK","Hong Kong"
"281473315265158","281473315265158","US","United States of America"
"281473315697118","281473315697118","HK","Hong Kong"
"281473316276009","281473316276009","JP","Japan"
"281473319227633","281473319227634","US","United States of America"
"281473321716798","281473321716798","DE","Germany"
"281473330848920","281473330848920","SG","Singapore"
"281473330903380","281473330903380","SG","Singapore"
"281473331855096","281473331855096","US","United States of America"
"281473332432896","281473332433407","BE","Belgium"
"281473339180705","281473339180705","JP","Japan"
"281473344440319","281473344440319","KG","Kyrgyzstan"
"281473344461274","281473344461274","KG","Kyrgyzstan"
"281473349309687","281473349309687","AT","Austria"
"281473353613535","281473353613535","SG","Singapore"
"281473353879709","281473353879709","DE","Germany"
"281473355199910","281473355199910","US","United States of America"
"281473358408587","281473358408587","ZA","South Africa"
"281473362666587","281473362666587","US","United States of America"
"281473363976980","281473363976980","US","United States of America"
"281473367348082","281473367348082","ID","Indonesia"
"281473373720674","281473373720674","CA","Canada"
"281473373757264","281473373757264","ZA","South Africa"
"281473373902240","281473373902240","ZA","South Africa"
"281473382598153","281473382598153","JP","Japan"
"281473385191696","281473385191696","NL","Netherlands (Kingdom of the)"
"281473389252297","281473389252297","FR","France"
"281473400899374","281473400899378","FR","France"
"281473407555784","281473407555790","DK","Denmark"
"281473409127039","281473409127039","US","United States of America"
"281473414185934","281473414185934","US","United States of America"
"281473415641196","281473415641197","US","United States of America"
"281473416385876","281473416385876","US","United States of America"
"281473427705025","281473427705025","FR","France"
"281473427745717","281473427745718","FR","France"
"281473437693823","281473437693823","FR","France"
"281473439301388","281473439301388","DE","Germany"
"281473447354896","281473447354896","IR","Iran (Islamic Republic of)"
"281473451442105","281473451442106","SG","Singapore"
"281473451908258","281473451908258","US","United States of America"
"281473460138950","281473460138950","TW","Taiwan (Province of China)"
"281473464906601","281473464906601","US","United States of America"
"281473466697261","281473466697261","ZA","South Africa"
"281473471663012","281473471663012","US","United States of America"
"281473472559770","281473472559770","US","United States of America"
"281473473888778","281473473888778","SG","Singapore"
"281473488219636","281473488219636","US","United States of America"
"281473489191464","281473489191464","DE","Germany"
"281473490048983","281473490048983","GB","United Kingdom of Great Britain and Northern Ireland"
"281473491058934","281473491058934","CA","Canada"
"281473494846295","281473494846295","US","United States of America"
"281473495292183","281473495292183","JP","Japan"
"281473500410408","281473500410408","AU","Australia"
"281473505604112","281473505604112","SC","Seychelles"
"281473505632203","281473505632204","SC","Seychelles"
"281473505656858","281473505656858","SC","Seychelles"
"281473508122798","281473508122798","DE","Germany"
"281473510225047","281473510225047","US","United States of America"
"281473510243390","281473510243390","US","United States of America"
"281473512236327","281473512236327","US","United States of America"
"281473513829623","281473513829738","ZA","South Africa"
"281473513839387","281473513839389","ZA","South Africa"
"281473513844613","281473513844623","ZA","South Africa"
"281473513870027","281473513870027","ZA","South Africa"
"281473513876787","281473513876787","ZA","South Africa"
"281473514095194","281473514095194","ZA","South Africa"
"281473514108994","281473514108994","ZA","South Africa"
"281473514130565","281473514130565","ZA","South Africa"
"281473517111785","281473517111785","ZA","South Africa"
"281473517217898","281473517217898","ZA","South Africa"
"281473534177447","281473534177447","US","United States of America"
"281473538122037","281473538122037","AU","Australia"
"281473540868644","281473540868644","US","United States of America"
"281473549468000","281473549468002","EC","Ecuador"
"281473550561806","281473550561806","US","United States of America"
"281473552348792","281473552348792","RU","Russian Federation"
"281473566208268","281473566208268","VN","Viet Nam"
"281473573084232","281473573084232","DE","Germany"
"281473573893137","281473573893137","DE","Germany"
"281473574688130","281473574688130","US","United States of America"
"281473578745038","281473578745038","US","United States of America"
"281473583200713","281473583200721","US","United States of America"
"281473583491815","281473583491815","US","United States of America"
"281473583539590","281473583539590","US","United States of America"
"281473587124594","281473587124594","DE","Germany"
"281473597858449","281473597858449","US","United States of America"
"281473598184945","281473598184945","US","United States of America"
"281473599596581","281473599596581","US","United States of America"
"281473599715691","281473599715691","US","United States of America"
"281473600203031","281473600203031","US","United States of America"
"281473605749715","281473605749715","US","United States of America"
"281473612047947","281473612047947","US","United States of America"
"281473630422990","281473630422990","KR","Korea (the Republic of)"
"281473635173404","281473635173404","DE","Germany"
"281473636830739","281473636830739","GB","United Kingdom of Great Britain and Northern Ireland"
"281473636882881","281473636882881","GB","United Kingdom of Great Britain and Northern Ireland"
"281473638362329","281473638362329","GB","United Kingdom of Great Britain and Northern Ireland"
"281473638925373","281473638925373","UA","Ukraine"
"281473640906608","281473640906610","UA","Ukraine"
"281473641202280","281473641202280","UA","Ukraine"
"281473641206340","281473641206340","UA","Ukraine"
"281473641221668","281473641221668","RU","Russian Federation"
"281473641380205","281473641380205","RU","Russian Federation"
"281473641516728","281473641516728","US","United States of America"
"281473641619923","281473641619923","RS","Serbia"
"281473642266765","281473642266765","RU","Russian Federation"
"281473642416688","281473642416688","ES","Spain"
"281473642689799","281473642689799","RU","Russian Federation"
"281473649974466","281473649974466","TR","Turkiye"
"281473654950649","281473654950649","BR","Brazil"
"281473659857034","281473659857034","BR","Brazil"
"281473669374268","281473669374268","IT","Italy"
"281473670235467","281473670235467","FR","France"
"281473670342344","281473670342344","RU","Russian Federation"
"281473671671655","281473671671655","UA","Ukraine"
"281473672163274","281473672163274","GB","United Kingdom of Great Britain and Northern Ireland"
"281473672223344","281473672223344","DE","Germany"
"281473673298607","281473673298607","GB","United Kingdom of Great Britain and Northern Ireland"
"281473676496570","281473676496570","US","United States of America"
"281473676524756","281473676524756","US","United States of America"
"281473678516765","281473678516765","UA","Ukraine"
"281473678775256","281473678775256","RU","Russian Federation"
"281473678789216","281473678789216","RU","Russian Federation"
"281473679268535","281473679268535","NL","Netherlands (Kingdom of the)"
"281473679599582","281473679599582","MD","Moldova (the Republic of)"
"281473682196591","281473682196591","RU","Russian Federation"
"281473682328857","281473682328857","RU","Russian Federation"
"281473684367821","281473684367823","GB","United Kingdom of Great Britain and Northern Ireland"
"281473684684227","281473684684227","SC","Seychelles"
"281473688842835","281473688842835","MX","Mexico"
"281473691896071","281473691896072","BR","Brazil"
"281473709464805","281473709464805","CN","China"
"281473715727472","281473715727472","VN","Viet Nam"
"281473723544169","281473723544169","GT","Guatemala"
"281473729849796","281473729849796","GT","Guatemala"
"281473732453676","281473732453676","CA","Canada"
"281473732525451","281473732525451","US","United States of America"
"281473733177218","281473733177218","VE","Venezuela (Bolivarian Republic of)"
"281473741244734","281473741244734","CN","China"
"281473745375867","281473745375867","TW","Taiwan (Province of China)"
"281473745407036","281473745407036","TW","Taiwan (Province of China)"
"281473751782682","281473751782682","ID","Indonesia"
"281473758266088","281473758266088","KR","Korea (the Republic of)"
"281473762845668","281473762845668","CN","China"
"281473770219042","281473770219042","TH","Thailand"
"281473775668325","281473775668325","US","United States of America"
"281473780162246","281473780162246","US","United States of America"
"281473785762074","281473785762074","IL","Israel"
"281473786198709","281473786198712","NL","Netherlands (Kingdom of the)"
"281473786455667","281473786455667","ES","Spain"
"281473786763235","281473786763235","IR","Iran (Islamic Republic of)"
"281473787074674","281473787074674","IQ","Iraq"
"281473787431670","281473787431670","SE","Sweden"
"281473787937613","281473787937613","HK","Hong Kong"
"281473788338114","281473788338114","GB","United Kingdom of Great Britain and Northern Ireland"
"281473788806337","281473788806337","MD","Moldova (the Republic of)"
"281473789385482","281473789385482","RU","Russian Federation"
"281473789583068","281473789583068","NO","Norway"
"281473789991639","281473789991639","PL","Poland"
"281473790163422","281473790163422","NL","Netherlands (Kingdom of the)"
"281473790631812","281473790631812","US","United States of America"
"281473790874047","281473790874048","BR","Brazil"
"281473791219245","281473791219247","ES","Spain"
"281473791372162","281473791372162","IN","India"
"281473791646114","281473791646118","GB","United Kingdom of Great Britain and Northern Ireland"
"281473791827570","281473791827570","UA","Ukraine"
"281473792057360","281473792057360","RU","Russian Federation"
"281473792242020","281473792242020","BR","Brazil"
"281473792368024","281473792368024","RU","Russian Federation"
"281473792605655","281473792605656","UA","Ukraine"
"281473792755634","281473792755634","ES","Spain"
"281473792952950","281473792952950","UA","Ukraine"
"281473793263312","281473793263312","RO","Romania"
"281473793596049","281473793596049","FR","France"
"281473793804904","281473793804904","US","United States of America"
"281473794032795","281473794032795","IR","Iran (Islamic Republic of)"
"281473794038778","281473794038778","IR","Iran (Islamic Republic of)"
"281473794319550","281473794319550","RU","Russian Federation"
"281473794520894","281473794520894","ES","Spain"
"281473794744362","281473794744362","RU","Russian Federation"
"281473794855128","281473794855131","FI","Finland"
"281473794939242","281473794939242","IT","Italy"
"281473795194350","281473795194350","RU","Russian Federation"
"281473795589520","281473795589520","UA","Ukraine"
"281473795938329","281473795938329","BY","Belarus"
"281473796145136","281473796145136","CA","Canada"
"281473796318013","281473796318013","NL","Netherlands (Kingdom of the)"
"281473796650934","281473796650934","TR","Turkiye"
"281473797032053","281473797032053","GB","United Kingdom of Great Britain and Northern Ireland"
"281473797353738","281473797353738","PL","Poland"
"281473797618384","281473797618384","DE","Germany"
"281473797933200","281473797933200","FR","France"
"281473798213585","281473798213585","RU","Russian Federation"
"281473798402721","281473798402721","ES","Spain"
"281473798708900","281473798708904","RU","Russian Federation"
"281473798887614","281473798887614","DE","Germany"
"281473799071623","281473799071623","RU","Russian Federation"
"281473799377227","281473799377227","IT","Italy"
"281473799666207","281473799666207","EE","Estonia"
"281473799853978","281473799853978","GB","United Kingdom of Great Britain and Northern Ireland"
"281473800138540","281473800138540","RU","Russian Federation"
"281473800496139","281473800496139","UA","Ukraine"
"281473800807763","281473800807763","UA","Ukraine"
"281473801050967","281473801050967","UA","Ukraine"
"281473801393740","281473801393740","ES","Spain"
"281473801578674","281473801578674","ES","Spain"
"281473801923801","281473801923802","RU","Russian Federation"
"281473802252243","281473802252244","NL","Netherlands (Kingdom of the)"
"281473814063150","281473814063150","CO","Colombia"
"281473825820940","281473825820940","PE","Peru"
"281473838473206","281473838473206","GB","United Kingdom of Great Britain and Northern Ireland"
"281473840589938","281473840589938","IQ","Iraq"
"281473842094206","281473842094206","SE","Sweden"
"281473843600013","281473843600013","BE","Belgium"
"281473843818207","281473843818208","IR","Iran (Islamic Republic of)"
"281473844416405","281473844416408","RU","Russian Federation"
"281473844559334","281473844559334","TR","Turkiye"
"281473846707203","281473846707203","FR","France"
"281473846787367","281473846787367","SG","Singapore"
"281473848358998","281473848358998","UA","Ukraine"
"281473850611602","281473850611602","RU","Russian Federation"
"281473851647398","281473851647398","IT","Italy"
"281473852745660","281473852745660","BR","Brazil"
"281473869583964","281473869583964","NL","Netherlands (Kingdom of the)"
"281473873435281","281473873435281","GT","Guatemala"
"281473875625495","281473875625495","VE","Venezuela (Bolivarian Republic of)"
"281473876757695","281473876757695","AR","Argentina"
"281473882323338","281473882323338","AR","Argentina"
"281473892483255","281473892483256","IN","India"
"281473892550995","281473892550995","CO","Colombia"
"281473892858955","281473892858956","US","United States of America"
"281473892922977","281473892922977","US","United States of America"
"281473902735633","281473902735633","BR","Brazil"
"281473903199460","281473903199461","US","United States of America"
"281473905343827","281473905343827","LT","Lithuania"
"281473907625683","281473907625683","SE","Sweden"
"281473909517213","281473909517213","CA","Canada"
"281473912284118","281473912284118","HK","Hong Kong"
"281473913124716","281473913124716","US","United States of America"
"281473913832295","281473913832295","SE","Sweden"
"281473914604625","281473914604628","US","United States of America"
"281473914612689","281473914612690","US","United States of America"
"281473916065378","281473916065378","US","United States of America"
"281473916789907","281473916789907","US","United States of America"
"281473918470635","281473918470635","US","United States of America"
"281473919798001","281473919798001","RU","Russian Federation"
"281473921247032","281473921247032","RU","Russian Federation"
"281473921881701","281473921881701","JP","Japan"
"281473922185403","281473922185403","RO","Romania"
"281473922886980","281473922886980","GB","United Kingdom of Great Britain and Northern Ireland"
"281473924360968","281473924360968","GB","United Kingdom of Great Britain and Northern Ireland"
"281473926762289","281473926762289","IT","Italy"
"281473927117786","281473927117786","CN","China"
"281473927869439","281473927869439","KR","Korea (the Republic of)"
"281473929624832","281473929625599","GB","United Kingdom of Great Britain and Northern Ireland"
"281473930807713","281473930807714","DE","Germany"
"281473932025040","281473932025042","US","United States of America"
"281473932488340","281473932488340","UA","Ukraine"
"281473932988118","281473932988118","US","United States of America"
"281473933052024","281473933052024","GB","United Kingdom of Great Britain and Northern Ireland"
"281473935023637","281473935023637","RU","Russian Federation"
"281473935905714","281473935905720","UA","Ukraine"
"281473937172853","281473937172853","RU","Russian Federation"
"281473938570139","281473938570139","TR","Turkiye"
"281473938846197","281473938846198","RU","Russian Federation"
"281473939862456","281473939862456","AE","United Arab Emirates"
"281473940963712","281473940963712","CY","Cyprus"
"281473942233609","281473942233609","FI","Finland"
"281473942627512","281473942627513","US","United States of America"
"281473943341884","281473943341885","NL","Netherlands (Kingdom of the)"
"281473944156025","281473944156025","IT","Italy"
"281473946140131","281473946140131","UA","Ukraine"
"281473947057634","281473947057634","SK","Slovakia"
"281473948494729","281473948494729","DE","Germany"
"281473952759578","281473952759578","RU","Russian Federation"
"281473955267702","281473955267702","DE","Germany"
"281473957538124","281473957538124","RO","Romania"
"281473958929028","281473958929028","IQ","Iraq"
"281473961737216","281473961737727","HK","Hong Kong"
"281473962521156","281473962521156","US","United States of America"
"281473964485839","281473964485839","NL","Netherlands (Kingdom of the)"
"281473966505584","281473966505584","DE","Germany"
"281473967389919","281473967389919","BG","Bulgaria"
"281473968125587","281473968125587","GB","United Kingdom of Great Britain and Northern Ireland"
"281473971350276","281473971350276","SC","Seychelles"
"281473972640172","281473972640172","ZA","South Africa"
"281473972651178","281473972651178","ZA","South Africa"
"281473972668770","281473972668770","ZA","South Africa"
"281473973147768","281473973147768","ZM","Zambia"
"281473973440998","281473973440998","US","United States of America"
"281473973459660","281473973459661","US","United States of America"
"281473973481457","281473973481457","ZA","South Africa"
"281473983244276","281473983244276","TZ","Tanzania, the United Republic of"
"281473983842706","281473983842706","ZA","South Africa"
"281473983856586","281473983856586","ZA","South Africa"
"281473983869017","281473983869017","ZA","South Africa"
"281473984730773","281473984730773","GM","Gambia"
"281473986582434","281473986582434","ZA","South Africa"
"281473992776267","281473992776267","ZA","South Africa"
"281473992789684","281473992789684","ZA","South Africa"
"281473992799590","281473992799590","ZA","South Africa"
"281473992854566","281473992854566","ZA","South Africa"
"281473992919792","281473992919792","ZA","South Africa"
"281473993016003","281473993016003","ZA","South Africa"
"281473993036241","281473993036241","ZA","South Africa"
"281473993072186","281473993072186","ZA","South Africa"
"281473993335051","281473993335051","ZA","South Africa"
"281473993362556","281473993362556","ZA","South Africa"
"281473993492771","281473993492771","ZA","South Africa"
"281473997024636","281473997024636","ZA","South Africa"
"281474004448821","281474004448821","US","United States of America"
"281474005196082","281474005196083","US","United States of America"
"281474006550850","281474006550850","US","United States of America"
"281474006703538","281474006703538","US","United States of America"
"281474007263821","281474007263821","US","United States of America"
"281474008013319","281474008013319","US","United States of America"
"281474010319396","281474010319396","US","United States of America"
"281474013118125","281474013118126","US","United States of America"
"281474015591185","281474015591185","US","United States of America"
"281474017488388","281474017488388","US","United States of America"
"281474021823965","281474021823965","CA","Canada"
"281474028747523","281474028747526","US","United States of America"
"281474036598533","281474036598533","DE","Germany"
"281474040854171","281474040854171","AR","Argentina"
"281474048372650","281474048372650","BR","Brazil"
"281474062581307","281474062581307","MX","Mexico"
"281474068808831","281474068808831","PA","Panama"
"281474073869588","281474073869589","ID","Indonesia"
"281474074762357","281474074762357","AU","Australia"
"281474076898370","281474076898370","ID","Indonesia"
"281474080455685","281474080455685","IN","India"
"281474081607580","281474081607580","PG","Papua New Guinea"
"281474086987884","281474086987884","JP","Japan"
"281474093960492","281474093960492","MN","Mongolia"
"281474097124157","281474097124157","TH","Thailand"
"281474099981881","281474099981881","ID","Indonesia"
"281474102144430","281474102144430","KH","Cambodia"
"281474105423947","281474105423947","US","United States of America"
"281474109208473","281474109208476","US","United States of America"
"281474119762765","281474119762765","US","United States of America"
"281474133971219","281474133971219","US","United States of America"
"281474143159751","281474143159751","US","United States of America"
"281474150215191","281474150215191","US","United States of America"
"281474150265949","281474150265949","GB","United Kingdom of Great Britain and Northern Ireland"
"281474150311722","281474150311722","US","United States of America"
"281474152311405","281474152311405","US","United States of America"
"281474163528329","281474163528329","BR","Brazil"
"281474166032147","281474166032147","US","United States of America"
"281474170673431","281474170673432","US","United States of America"
"281474174852454","281474174852454","US","United States of America"
"281474177057488","281474177057488","US","United States of America"
"281474178851188","281474178851188","US","United States of America"
"281474179669080","281474179669080","US","United States of America"
"281474190708352","281474190708352","US","United States of America"
"281474194453609","281474194453609","US","United States of America"
"281474195240329","281474195240329","US","United States of America"
"281474198640898","281474198640898","US","United States of America"
"281474204568321","281474204568401","US","United States of America"
"281474212930453","281474212930453","KR","Korea (the Republic of)"
"281474223151845","281474223151845","TW","Taiwan (Province of China)"
"281474234708402","281474234708403","KR","Korea (the Republic of)"
"281474238702131","281474238702132","KG","Kyrgyzstan"
"281474240077061","281474240077061","NL","Netherlands (Kingdom of the)"
"281474241657429","281474241657429","FR","France"
"281474242450782","281474242450782","RU","Russian Federation"
"281474243991789","281474243991789","FR","France"
"281474244678327","281474244678327","RU","Russian Federation"
"281474245477733","281474245477733","PS","Palestine, State of"
"281474245795715","281474245795715","CZ","Czechia"
"281474246322957","281474246322957","US","United States of America"
"281474248611703","281474248611703","TR","Turkiye"
"281474253834285","281474253834285","BG","Bulgaria"
"281474259186132","281474259186132","HR","Croatia"
"281474262404666","281474262404666","RU","Russian Federation"
"281474264220330","281474264220330","DE","Germany"
"281474266239054","281474266239054","BG","Bulgaria"
"281474268585514","281474268585514","DE","Germany"
"281474270160874","281474270160874","CZ","Czechia"
"281474271136867","281474271136867","RU","Russian Federation"
"281474308363652","281474308363652","US","United States of America"
"281474310501300","281474310501302","US","United States of America"
"281474314056309","281474314056309","CA","Canada"
"281474316980191","281474316980191","PL","Poland"
"281474318750738","281474318750738","US","United States of America"
"281474322193804","281474322193804","US","United States of America"
"281474324059736","281474324059736","RU","Russian Federation"
"281474326851374","281474326851374","NL","Netherlands (Kingdom of the)"
"281474327584337","281474327584337","RU","Russian Federation"
"281474330016402","281474330016402","RU","Russian Federation"
"281474331978167","281474331978167","RU","Russian Federation"
"281474332938130","281474332938130","ES","Spain"
"281474334002519","281474334002520","US","United States of America"
"281474335231855","281474335231855","TR","Turkiye"
"281474348987206","281474348987206","KR","Korea (the Republic of)"
"281474377484021","281474377484021","KR","Korea (the Republic of)"
"281474380895250","281474380895250","KR","Korea (the Republic of)"
"281474398910215","281474398910215","KR","Korea (the Republic of)"
"281474406884923","281474406884923","JP","Japan"
"281474413993506","281474413993506","KR","Korea (the Republic of)"
"281474424821022","281474424821022","KR","Korea (the Republic of)"
"281474436613701","281474436613701","TH","Thailand"
"47879933903114234419445924289312152831","47879933903114234419445924289312152831","MN","Mongolia"
"47892012078057608086600335036599316650","47892012078057612837709739714783571487","PK","Pakistan"
"50513584518271771935514171848165200801","50513584518271771935514171848165200801","US","United States of America"
"50535519944247023655838983189921005568","50535519945175478685303018396095348735","US","United States of America"
"50541822702407552689502076144109748224","50541822702407703805229527972756586495","AX","Aland Islands"
"55832868906728194935240009528559796225","55832868906728194935240009528559796225","DE","Germany"
"55841941052278750925176608525195391335","55841941052278750925176608525195391335","FR","France"
"55867766011807321303887479961777340416","55867766016759081461029001061373837311","DE","Germany"
"55900709676075387153994816900961402880","55900709676094729967108650967756701695","SC","Seychelles"
"55910161279815070793436836179975602176","55910161279816279719256450809150308351","SC","Seychelles"
"55929373236767194395817687785978986496","55929373870592494509932388534330589183","SC","Seychelles"
