"0","281470698520575","-","-"
"281470716703138","281470716703200","NL","Netherlands (Kingdom of the)"
"281470719071232","281470719071487","US","United States of America"
"281470732340287","281470732340290","IT","Italy"
"281470749913865","281470749913866","CA","Canada"
"281470753308967","281470753309159","US","United States of America"
"281470753359629","281470753359629","GB","United Kingdom of Great Britain and Northern Ireland"
"281470753438009","281470753438009","GB","United Kingdom of Great Britain and Northern Ireland"
"281470768188888","281470768188895","CZ","Czechia"
"281470768242880","281470768242882","FR","France"
"281470769793024","281470769795071","IT","Italy"
"281470774397296","281470774397297","BE","Belgium"
"281470774485620","281470774485623","GB","United Kingdom of Great Britain and Northern Ireland"
"281470774530892","281470774530895","ES","Spain"
"281470776038661","281470776038662","GB","United Kingdom of Great Britain and Northern Ireland"
"281470777511168","281470777511423","HU","Hungary"
"281470778500572","281470778500575","FR","France"
"281470778527612","281470778527615","ES","Spain"
"281470780799618","281470780799618","CA","Canada"
"281470817747456","281470817747967","DE","Germany"
"281470818745709","281470818745709","GB","United Kingdom of Great Britain and Northern Ireland"
"281470847156224","281470847221759","GB","United Kingdom of Great Britain and Northern Ireland"
"281470902106816","281470902106879","SG","Singapore"
"281470906753376","281470906753535","NO","Norway"
"281470914641152","281470914644223","CA","Canada"
"281470948488704","281470948488959","IN","India"
"281470966973769","281470966973772","SG","Singapore"
"281470971498496","281470971500031","IT","Italy"
"281470982916096","281470982918143","GB","United Kingdom of Great Britain and Northern Ireland"
"281471020379648","281471020380159","KR","Korea (the Republic of)"
"281471030507776","281471030508287","MY","Malaysia"
"281471069418752","281471069419007","DO","Dominican Republic"
"281471070573520","281471070573520","SE","Sweden"
"281471071672320","281471071674367","NL","Netherlands (Kingdom of the)"
"281471073826696","281471073826703","US","United States of America"
"281471076109312","281471076109567","JP","Japan"
"281471076579510","281471076579511","US","United States of America"
"281471077118208","281471077118975","-","-"
"281471077688576","281471077689343","-","-"
"281471078256896","281471078258687","-","-"
"281471079356672","281471079358463","-","-"
"281471080547012","281471080547072","US","United States of America"
"281471081476760","281471081476763","US","United States of America"
"281471082586368","281471082588095","US","United States of America"
"281471084324401","281471084324403","US","United States of America"
"281471140377886","281471140377886","US","United States of America"
"281471202738688","281471202738943","IT","Italy"
"281471204972544","281471204974591","GB","United Kingdom of Great Britain and Northern Ireland"
"281471205729280","281471205729535","CH","Switzerland"
"281471208241920","281471208242175","ID","Indonesia"
"281471216000000","281471216000255","GB","United Kingdom of Great Britain and Northern Ireland"
"281471222511104","281471222513663","US","United States of America"
"281471253413888","281471253446655","US","United States of America"
"281471260321041","281471260321041","GB","United Kingdom of Great Britain and Northern Ireland"
"281471285166080","281471285182463","SG","Singapore"
"281471304806753","281471304806753","DE","Germany"
"281471306413180","281471306413183","DE","Germany"
"281471310402304","281471310402559","US","United States of America"
"281471312568320","281471312570367","GR","Greece"
"281471317607284","281471317607287","FR","France"
"281471319606478","281471319606480","CR","Costa Rica"
"281471321112945","281471321112945","RS","Serbia"
"281471322829312","281471322829823","JP","Japan"
"281471324613054","281471324613054","US","United States of America"
"281471325131800","281471325131800","CA","Canada"
"281471325807409","281471325807409","CA","Canada"
"281471326117680","281471326118703","US","United States of America"
"281471326620037","281471326620037","CA","Canada"
"281471327447264","281471327447264","US","United States of America"
"281471328584544","281471328584559","US","United States of America"
"281471332350976","281471332351999","AR","Argentina"
"281471332898278","281471332898278","HK","Hong Kong"
"281471334093824","281471334094079","MY","Malaysia"
"281471358062176","281471358062207","JP","Japan"
"281471359333792","281471359333823","SG","Singapore"
"281471359877632","281471359877887","FR","France"
"281471374846464","281471374846975","PT","Portugal"
"281471382585626","281471382585632","MU","Mauritius"
"281471410336768","281471410337535","ID","Indonesia"
"281471414622697","281471414622697","CA","Canada"
"281471414630965","281471414630966","CA","Canada"
"281471418150912","281471418151935","IN","India"
"281471419535360","281471419536383","ID","Indonesia"
"281471423942960","281471423942975","GB","United Kingdom of Great Britain and Northern Ireland"
"281471437243392","281471437244415","ES","Spain"
"281471437570011","281471437570014","NL","Netherlands (Kingdom of the)"
"281471439314176","281471439314687","DE","Germany"
"281471441485790","281471441485819","CA","Canada"
"281471442274304","281471442275327","GB","United Kingdom of Great Britain and Northern Ireland"
"281471442595584","281471442595839","RO","Romania"
"281471444126208","281471444126719","NZ","New Zealand"
"281471444921344","281471444922367","CN","China"
"281471445324800","281471445325311","NL","Netherlands (Kingdom of the)"
"281471445811200","281471445812223","FR","France"
"281471446213632","281471446214655","ES","Spain"
"281471446634496","281471446635519","GB","United Kingdom of Great Britain and Northern Ireland"
"281471446976924","281471446976924","CY","Cyprus"
"281471447817216","281471447818239","PE","Peru"
"281471449358421","281471449358429","HK","Hong Kong"
"281471450009600","281471450009855","RS","Serbia"
"281471452391424","281471452392447","BR","Brazil"
"281471454954400","281471454955007","BE","Belgium"
"281471455678169","281471455678169","NL","Netherlands (Kingdom of the)"
"281471455680909","281471455680909","ES","Spain"
"281471460245504","281471460311039","GR","Greece"
"281471464079360","281471464095743","RU","Russian Federation"
"281471468699648","281471468732415","-","-"
"281471485680640","281471485681151","KR","Korea (the Republic of)"
"281471521064721","281471521064721","PL","Poland"
"281471538037214","281471538037214","IN","India"
"281471538040952","281471538040955","JP","Japan"
"281471538045392","281471538045399","IE","Ireland"
"281471538049579","281471538049579","US","United States of America"
"281471541893656","281471541893663","IE","Ireland"
"281471542472960","281471542473535","FR","France"
"281471542719168","281471542719171","MX","Mexico"
"281471543223392","281471543223415","DE","Germany"
"281471543261632","281471543261695","GB","United Kingdom of Great Britain and Northern Ireland"
"281471547742683","281471547742683","NL","Netherlands (Kingdom of the)"
"281471548087680","281471548087682","GB","United Kingdom of Great Britain and Northern Ireland"
"281471550165552","281471550165567","FR","France"
"281471550203200","281471550203263","FR","France"
"281471554031240","281471554031243","PT","Portugal"
"281471554099408","281471554099423","IT","Italy"
"281471560261896","281471560261899","AU","Australia"
"281471560595040","281471560595071","KR","Korea (the Republic of)"
"281471560895488","281471560895743","MX","Mexico"
"281471561958144","281471561960191","US","United States of America"
"281471568823300","281471568823300","DE","Germany"
"281471568829079","281471568829079","SG","Singapore"
"281471590130008","281471590130031","FR","France"
"281471590200040","281471590200047","GB","United Kingdom of Great Britain and Northern Ireland"
"281471590287904","281471590287919","CA","Canada"
"281471638533120","281471638533375","US","United States of America"
"281471643546880","281471643547135","BE","Belgium"
"281471648338944","281471648339227","US","United States of America"
"281471651153408","281471651153919","BE","Belgium"
"281471651773440","281471651774207","US","United States of America"
"281471652173056","281471652174079","US","United States of America"
"281471652458410","281471652458410","FR","France"
"281471663887587","281471663887589","JP","Japan"
"281471707118080","281471707118335","HK","Hong Kong"
"281471723456128","281471723456131","FR","France"
"281471724581954","281471724581954","GB","United Kingdom of Great Britain and Northern Ireland"
"281471725409254","281471725409254","CA","Canada"
"281471726339170","281471726339170","DE","Germany"
"281471727074375","281471727074407","FI","Finland"
"281471729469054","281471729469054","FR","France"
"281471729471708","281471729471708","SG","Singapore"
"281471729473840","281471729473840","CH","Switzerland"
"281471729476921","281471729476921","BE","Belgium"
"281471729478757","281471729478757","DE","Germany"
"281471729480691","281471729480728","BE","Belgium"
"281471729484346","281471729484349","DE","Germany"
"281471729494040","281471729494040","GB","United Kingdom of Great Britain and Northern Ireland"
"281471729499042","281471729499043","DK","Denmark"
"281471729502408","281471729502409","US","United States of America"
"281471729504435","281471729504435","BE","Belgium"
"281471729505669","281471729505670","NL","Netherlands (Kingdom of the)"
"281471729507225","281471729507225","BE","Belgium"
"281471729509548","281471729509548","US","United States of America"
"281471729511174","281471729511174","US","United States of America"
"281471729512618","281471729512618","FR","France"
"281471729514025","281471729514029","US","United States of America"
"281471729515446","281471729515446","HU","Hungary"
"281471729516845","281471729516845","NL","Netherlands (Kingdom of the)"
"281471729518622","281471729518622","GB","United Kingdom of Great Britain and Northern Ireland"
"281471729519997","281471729519997","SE","Sweden"
"281471729521324","281471729521324","SG","Singapore"
"281471729528348","281471729528348","DK","Denmark"
"281471731138560","281471731148543","NL","Netherlands (Kingdom of the)"
"281471733697690","281471733697690","PL","Poland"
"281471734092192","281471734092223","CH","Switzerland"
"281471735062632","281471735062783","NL","Netherlands (Kingdom of the)"
"281471736119335","281471736119341","GB","United Kingdom of Great Britain and Northern Ireland"
"281471738441408","281471738441415","PT","Portugal"
"281471747894705","281471747894705","SG","Singapore"
"281471748962097","281471748962097","DE","Germany"
"281471752941835","281471752941872","HK","Hong Kong"
"281471753003657","281471753003657","GB","United Kingdom of Great Britain and Northern Ireland"
"281471753026211","281471753026212","HK","Hong Kong"
"281471753037533","281471753037534","MY","Malaysia"
"281471753053202","281471753053204","HK","Hong Kong"
"281471753142350","281471753142350","TH","Thailand"
"281471753177408","281471753177413","HK","Hong Kong"
"281471753322534","281471753322534","ZA","South Africa"
"281471753329003","281471753329004","HK","Hong Kong"
"281471753333533","281471753333534","US","United States of America"
"281471753361955","281471753361960","HK","Hong Kong"
"281471754780672","281471754781183","US","United States of America"
"281471757245041","281471757245041","GB","United Kingdom of Great Britain and Northern Ireland"
"281471758585692","281471758585695","CA","Canada"
"281471760346624","281471760348671","US","United States of America"
"281471761759451","281471761759488","US","United States of America"
"281471763658312","281471763658319","JP","Japan"
"281471763684250","281471763684250","SG","Singapore"
"281471764993024","281471764993535","DE","Germany"
"281471769157329","281471769157330","GB","United Kingdom of Great Britain and Northern Ireland"
"281471769266281","281471769266282","GB","United Kingdom of Great Britain and Northern Ireland"
"281471769355919","281471769355940","US","United States of America"
"281471769452925","281471769452926","GB","United Kingdom of Great Britain and Northern Ireland"
"281471769547081","281471769547082","IE","Ireland"
"281471769601962","281471769601962","JP","Japan"
"281471770948622","281471770948624","US","United States of America"
"281471772878080","281471772878591","SE","Sweden"
"281471777965312","281471777965312","SG","Singapore"
"281471781736586","281471781744648","US","United States of America"
"281471782400734","281471782403584","US","United States of America"
"281471785617465","281471785617465","CA","Canada"
"281471791208064","281471791208064","US","United States of America"
"281471792014344","281471792014351","CA","Canada"
"281471792618120","281471792618159","US","United States of America"
"281471793691248","281471793691263","DE","Germany"
"281471796714743","281471796714743","NL","Netherlands (Kingdom of the)"
"281471799741323","281471799741325","CA","Canada"
"281471801345024","281471801685284","US","United States of America"
"281471805308320","281471805323427","US","United States of America"
"281471806759791","281471806759792","US","United States of America"
"281471806899753","281471806899753","IE","Ireland"
"281471806907463","281471806907472","US","United States of America"
"281471806913597","281471806913598","FR","France"
"281471806953403","281471806953404","US","United States of America"
"281471806972003","281471806972008","US","United States of America"
"281471814667565","281471814667565","DE","Germany"
"281471818893905","281471818893906","AU","Australia"
"281471819960320","281471819966751","US","United States of America"
"281471820274736","281471820274743","US","United States of America"
"281471834301696","281471834302194","SG","Singapore"
"281471841088917","281471841088920","GB","United Kingdom of Great Britain and Northern Ireland"
"281471841576878","281471841576903","BD","Bangladesh"
"281471843191040","281471843191295","BR","Brazil"
"281471850304091","281471850304094","US","United States of America"
"281471850313165","281471850313165","US","United States of America"
"281471850805856","281471850805887","JP","Japan"
"281471858898496","281471858898511","CA","Canada"
"281471890670240","281471890670244","US","United States of America"
"281471891654097","281471891654097","BR","Brazil"
"281471899046336","281471899140095","CA","Canada"
"281471929225792","281471929225879","US","United States of America"
"281471931472458","281471931472460","CA","Canada"
"281471936341788","281471936341791","MX","Mexico"
"281471939293696","281471939294207","LR","Liberia"
"281471961661918","281471961661928","CA","Canada"
"281471961721728","281471961721855","VG","Virgin Islands (British)"
"281471977990656","281471977991167","DE","Germany"
"281471977998415","281471977998416","DE","Germany"
"281471978000867","281471978000868","DE","Germany"
"281471978010802","281471978010804","DE","Germany"
"281471978676632","281471978676639","ES","Spain"
"281471979497180","281471979497181","DE","Germany"
"281471980768381","281471980768388","CH","Switzerland"
"281471989562798","281471989562799","CY","Cyprus"
"281471993380864","281471993388207","DE","Germany"
"281472000339336","281472000339351","NL","Netherlands (Kingdom of the)"
"281472005052731","281472005052746","US","United States of America"
"281472005074053","281472005074054","US","United States of America"
"281472005094602","281472005094666","US","United States of America"
"281472005113421","281472005113425","US","United States of America"
"281472005131488","281472005131491","US","United States of America"
"281472005147682","281472005147682","US","United States of America"
"281472005162210","281472005162290","US","United States of America"
"281472005179891","281472005179892","US","United States of America"
"281472005198792","281472005198796","US","United States of America"
"281472005216910","281472005216926","US","United States of America"
"281472005237534","281472005237538","US","United States of America"
"281472005254761","281472005254829","US","United States of America"
"281472005272641","281472005272647","US","United States of America"
"281472005291994","281472005292003","US","United States of America"
"281472005310372","281472005310372","US","United States of America"
"281472005332103","281472005332113","US","United States of America"
"281472005347718","281472005347753","US","United States of America"
"281472005360710","281472005360737","US","United States of America"
"281472005376296","281472005376302","US","United States of America"
"281472005399895","281472005399913","US","United States of America"
"281472005416565","281472005416603","US","United States of America"
"281472005433242","281472005433248","US","United States of America"
"281472005456408","281472005456416","US","United States of America"
"281472005475967","281472005475977","US","United States of America"
"281472005495744","281472005495773","US","United States of America"
"281472014371268","281472014371268","RU","Russian Federation"
"281472016367616","281472016368127","TR","Turkiye"
"281472028468590","281472028468594","DE","Germany"
"281472029498328","281472029498343","GR","Greece"
"281472033892848","281472033893143","DE","Germany"
"281472035025876","281472035025879","GB","United Kingdom of Great Britain and Northern Ireland"
"281472039617031","281472039617031","BE","Belgium"
"281472039625200","281472039625200","SE","Sweden"
"281472039634077","281472039634081","BE","Belgium"
"281472039985224","281472039985231","NL","Netherlands (Kingdom of the)"
"281472040532312","281472040532319","MD","Moldova (the Republic of)"
"281472042635264","281472042635367","US","United States of America"
"281472051920896","281472051921919","NL","Netherlands (Kingdom of the)"
"281472053338128","281472053338131","FR","France"
"281472054496425","281472054496425","IN","India"
"281472059099136","281472059099391","US","United States of America"
"281472060218624","281472060218879","PS","Palestine, State of"
"281472065142784","281472065150975","LI","Liechtenstein"
"281472068209920","281472068210175","PL","Poland"
"281472080614690","281472080614690","NL","Netherlands (Kingdom of the)"
"281472083770888","281472083770891","DK","Denmark"
"281472089444928","281472089445103","US","United States of America"
"281472092124584","281472092124587","DE","Germany"
"281472094650368","281472094666751","SE","Sweden"
"281472098666358","281472098666358","NL","Netherlands (Kingdom of the)"
"281472098669309","281472098669309","NL","Netherlands (Kingdom of the)"
"281472098693427","281472098693432","DE","Germany"
"281472107221672","281472107221679","AE","United Arab Emirates"
"281472115355648","281472115355690","GB","United Kingdom of Great Britain and Northern Ireland"
"281472120095295","281472120095296","US","United States of America"
"281472120913745","281472120913745","SG","Singapore"
"281472123508279","281472123508279","BG","Bulgaria"
"281472131576602","281472131576604","GB","United Kingdom of Great Britain and Northern Ireland"
"281472145187328","281472145187839","GB","United Kingdom of Great Britain and Northern Ireland"
"281472149183408","281472149183415","DE","Germany"
"281472149248512","281472149248767","BG","Bulgaria"
"281472157073408","281472157075455","PL","Poland"
"281472165980663","281472165980663","LT","Lithuania"
"281472172212226","281472172212226","GB","United Kingdom of Great Britain and Northern Ireland"
"281472172650496","281472172652543","BE","Belgium"
"281472177023537","281472177023539","FR","France"
"281472177547309","281472177547309","RO","Romania"
"281472178041856","281472178042623","NL","Netherlands (Kingdom of the)"
"281472183170304","281472183170559","NL","Netherlands (Kingdom of the)"
"281472184714729","281472184714729","CH","Switzerland"
"281472184716899","281472184716901","DE","Germany"
"281472184722592","281472184722655","IE","Ireland"
"281472184727317","281472184727317","US","United States of America"
"281472184729506","281472184729508","DE","Germany"
"281472188539051","281472188539093","CH","Switzerland"
"281472190559361","281472190559361","GB","United Kingdom of Great Britain and Northern Ireland"
"281472214695936","281472214761471","EE","Estonia"
"281472216654848","281472216656895","US","United States of America"
"281472216934526","281472216934559","SE","Sweden"
"281472217792512","281472217794559","IT","Italy"
"281472220949504","281472220950527","GB","United Kingdom of Great Britain and Northern Ireland"
"281472221528132","281472221528135","SE","Sweden"
"281472222050794","281472222050800","NL","Netherlands (Kingdom of the)"
"281472222392832","281472222393087","IL","Israel"
"281472222800896","281472222801663","RS","Serbia"
"281472223176704","281472223177215","PL","Poland"
"281472223712802","281472223712802","AU","Australia"
"281472224170768","281472224170783","GB","United Kingdom of Great Britain and Northern Ireland"
"281472228110336","281472228112383","DK","Denmark"
"281472232588288","281472232588543","ES","Spain"
"281472239809396","281472239820815","FR","France"
"281472247795712","281472247796735","DE","Germany"
"281472249873404","281472249873404","DE","Germany"
"281472253221888","281472253222911","UZ","Uzbekistan"
"281472259852006","281472259852009","DE","Germany"
"281472260843734","281472260843761","GB","United Kingdom of Great Britain and Northern Ireland"
"281472267799170","281472267799174","RU","Russian Federation"
"281472270337024","281472270337279","IE","Ireland"
"281472274034829","281472274034829","NL","Netherlands (Kingdom of the)"
"281472275173101","281472275173105","CA","Canada"
"281472282181847","281472282181847","FR","France"
"281472284910716","281472284910716","NL","Netherlands (Kingdom of the)"
"281472287485952","281472287486463","RU","Russian Federation"
"281472295199915","281472295199915","GB","United Kingdom of Great Britain and Northern Ireland"
"281472314005786","281472314005791","US","United States of America"
"281472334075584","281472334075615","US","United States of America"
"281472354566611","281472354566611","SE","Sweden"
"281472354574767","281472354574767","CA","Canada"
"281472397505792","281472397506047","PT","Portugal"
"281472406420736","281472406420991","BF","Burkina Faso"
"281472407287808","281472407289855","ZA","South Africa"
"281472410083906","281472410083908","US","United States of America"
"281472410433024","281472410433279","PK","Pakistan"
"281472411132928","281472411133183","AU","Australia"
"281472411743791","281472411743793","NL","Netherlands (Kingdom of the)"
"281472412638006","281472412638006","AU","Australia"
"281472413414400","281472413414655","AU","Australia"
"281472414356208","281472414356208","SG","Singapore"
"281472415209472","281472415210495","AU","Australia"
"281472416079872","281472416080127","ID","Indonesia"
"281472416847104","281472416847359","AU","Australia"
"281472417624251","281472417624255","SG","Singapore"
"281472418393088","281472418394111","HK","Hong Kong"
"281472419012864","281472419013119","NZ","New Zealand"
"281472419566592","281472419567103","IN","India"
"281472420085760","281472420086271","MM","Myanmar"
"281472420773120","281472420773375","AU","Australia"
"281472421376256","281472421376511","ID","Indonesia"
"281472422224896","281472422226892","ID","Indonesia"
"281472423176704","281472423177215","BD","Bangladesh"
"281472423839744","281472423840767","JP","Japan"
"281472424877056","281472424878079","CN","China"
"281472425537536","281472425538559","KR","Korea (the Republic of)"
"281472426183168","281472426183679","SG","Singapore"
"281472428415126","281472428415132","AW","Aruba"
"281472428429345","281472428429346","YT","Mayotte"
"281472428442488","281472428442489","RU","Russian Federation"
"281472428447212","281472428447212","ID","Indonesia"
"281472428450790","281472428450797","SG","Singapore"
"281472428457462","281472428457469","JP","Japan"
"281472428465366","281472428465376","US","United States of America"
"281472428473185","281472428473190","NG","Nigeria"
"281472428580888","281472428580889","US","United States of America"
"281472428582215","281472428582217","US","United States of America"
"281472428583856","281472428583856","RO","Romania"
"281472428585766","281472428585766","JP","Japan"
"281472429460488","281472429460489","GB","United Kingdom of Great Britain and Northern Ireland"
"281472429462490","281472429462491","US","United States of America"
"281472429466284","281472429466313","US","United States of America"
"281472429469064","281472429469067","SG","Singapore"
"281472429472218","281472429472219","DE","Germany"
"281472429515152","281472429515155","IN","India"
"281472429518558","281472429518559","AE","United Arab Emirates"
"281472433844480","281472433897471","US","United States of America"
"281472435475456","281472435475459","IE","Ireland"
"281472437365504","281472437366015","PL","Poland"
"281472440891550","281472440891550","NL","Netherlands (Kingdom of the)"
"281472442786816","281472442787839","CA","Canada"
"281472444399839","281472444399839","RW","Rwanda"
"281472454885376","281472454950911","LR","Liberia"
"281472486822638","281472486822651","US","United States of America"
"281472488225656","281472488225663","US","United States of America"
"281472504511232","281472504511487","FR","France"
"281472515016897","281472515016899","BE","Belgium"
"281472517366748","281472517366749","DK","Denmark"
"281472521764732","281472521764733","RU","Russian Federation"
"281472525899776","281472525901823","IT","Italy"
"281472550303153","281472550303153","SG","Singapore"
"281472591495168","281472591503359","JP","Japan"
"281472633994795","281472633994796","JP","Japan"
"281472677404722","281472677404724","JP","Japan"
"281472683567952","281472683567959","NL","Netherlands (Kingdom of the)"
"281472729284608","281472729317375","CN","China"
"281472761975953","281472761975953","DE","Germany"
"281472795499624","281472795499624","US","United States of America"
"281472835184669","281472835184669","US","United States of America"
"281472840857113","281472840857113","CA","Canada"
"281472854794363","281472854794363","PT","Portugal"
"281472854796900","281472854796901","BE","Belgium"
"281472854799158","281472854799171","JP","Japan"
"281472854801737","281472854801739","GB","United Kingdom of Great Britain and Northern Ireland"
"281472854807299","281472854807299","US","United States of America"
"281472854810135","281472854810135","US","United States of America"
"281472854812736","281472854812737","US","United States of America"
"281472856489984","281472857079807","US","United States of America"
"281472862389828","281472862389828","GB","United Kingdom of Great Britain and Northern Ireland"
"281472865488256","281472865488319","KE","Kenya"
"281472870449152","281472870449152","US","United States of America"
"281472870454213","281472870454213","GB","United Kingdom of Great Britain and Northern Ireland"
"281472870481920","281472870482176","US","United States of America"
"281472878656701","281472878656701","US","United States of America"
"281472878784320","281472878784329","SE","Sweden"
"281472878794048","281472878794048","LV","Latvia"
"281472878805978","281472878805978","US","United States of America"
"281472878823335","281472878823335","AT","Austria"
"281472879603712","281472879608831","BR","Brazil"
"281472891760640","281472891762303","BD","Bangladesh"
"281472894608017","281472894608017","PY","Paraguay"
"281472894617407","281472894617407","PL","Poland"
"281472894625821","281472894625821","PT","Portugal"
"281472912267776","281472912268031","RU","Russian Federation"
"281472934191502","281472934191519","GB","United Kingdom of Great Britain and Northern Ireland"
"281472942047232","281472942048895","JP","Japan"
"281472952582912","281472952583167","NL","Netherlands (Kingdom of the)"
"281472955201024","281472955201535","US","United States of America"
"281472964965240","281472964965247","SG","Singapore"
"281472985090024","281472985090051","FR","France"
"281472994685440","281472994685951","HK","Hong Kong"
"281473005044325","281473005044332","MX","Mexico"
"281473014057030","281473014057052","DE","Germany"
"281473020312088","281473020312119","AU","Australia"
"281473041964800","281473041964815","ES","Spain"
"281473045152780","281473045152781","US","United States of America"
"281473046812748","281473046812751","LB","Lebanon"
"281473046821571","281473046821571","SD","Sudan"
"281473046822595","281473046822595","SD","Sudan"
"281473048093184","281473048093695","DE","Germany"
"281473053779712","281473053779967","RS","Serbia"
"281473056269753","281473056269756","NL","Netherlands (Kingdom of the)"
"281473056272083","281473056272084","DE","Germany"
"281473064420808","281473064420811","DO","Dominican Republic"
"281473077351089","281473077351092","NL","Netherlands (Kingdom of the)"
"281473080531537","281473080531541","DE","Germany"
"281473080542136","281473080542141","IN","India"
"281473080560855","281473080560855","SG","Singapore"
"281473080580841","281473080580841","MY","Malaysia"
"281473080614720","281473080614720","JP","Japan"
"281473082227139","281473082227144","US","United States of America"
"281473097829888","281473097830143","US","United States of America"
"281473105626032","281473105626055","US","United States of America"
"281473110552579","281473110552579","NL","Netherlands (Kingdom of the)"
"281473112873248","281473112873255","US","United States of America"
"281473130129664","281473130129679","CZ","Czechia"
"281473132506517","281473132506520","SC","Seychelles"
"281473135809792","281473135810047","SE","Sweden"
"281473136182272","281473136182527","SE","Sweden"
"281473143537892","281473143537892","NL","Netherlands (Kingdom of the)"
"281473143547761","281473143547761","ES","Spain"
"281473143552693","281473143552693","HU","Hungary"
"281473143572518","281473143572518","US","United States of America"
"281473143583001","281473143583002","US","United States of America"
"281473144082432","281473144085503","HK","Hong Kong"
"281473152964358","281473152964358","DE","Germany"
"281473156245504","281473156247551","US","United States of America"
"281473160423680","281473160424959","DE","Germany"
"281473169542533","281473169542543","US","United States of America"
"281473173897388","281473173897395","NL","Netherlands (Kingdom of the)"
"281473174860032","281473174860287","SG","Singapore"
"281473181946416","281473181946423","IT","Italy"
"281473181963361","281473181963361","NL","Netherlands (Kingdom of the)"
"281473181981504","281473181981507","FR","France"
"281473182274394","281473182274396","US","United States of America"
"281473182303862","281473182303868","US","United States of America"
"281473182478882","281473182478884","US","United States of America"
"281473182733454","281473182733454","US","United States of America"
"281473182748361","281473182748377","DZ","Algeria"
"281473182756020","281473182756020","US","United States of America"
"281473182758953","281473182758953","US","United States of America"
"281473182760879","281473182760879","SG","Singapore"
"281473182783164","281473182783164","SG","Singapore"
"281473182784992","281473182784994","SG","Singapore"
"281473182786928","281473182786929","HK","Hong Kong"
"281473182788843","281473182788843","SG","Singapore"
"281473182790730","281473182790730","SG","Singapore"
"281473182792564","281473182792564","SG","Singapore"
"281473183555957","281473183555957","US","United States of America"
"281473183561071","281473183561074","US","United States of America"
"281473183565278","281473183565280","US","United States of America"
"281473183568525","281473183568525","US","United States of America"
"281473183573133","281473183573223","US","United States of America"
"281473184902378","281473184902378","DE","Germany"
"281473185276368","281473185276415","CA","Canada"
"281473185292210","281473185292210","SG","Singapore"
"281473185302146","281473185302146","US","United States of America"
"281473185308139","281473185308140","SG","Singapore"
"281473185311091","281473185311092","SG","Singapore"
"281473185323133","281473185323133","NL","Netherlands (Kingdom of the)"
"281473185325044","281473185325045","US","United States of America"
"281473185335053","281473185335053","US","United States of America"
"281473185336868","281473185336869","SG","Singapore"
"281473185338945","281473185338946","SG","Singapore"
"281473185340751","281473185340751","SG","Singapore"
"281473185344631","281473185344631","SG","Singapore"
"281473187895438","281473187895438","SG","Singapore"
"281473193148416","281473193181183","US","United States of America"
"281473198292992","281473198294015","UA","Ukraine"
"281473213792256","281473213857791","IN","India"
"281473220369712","281473220369727","BE","Belgium"
"281473226986936","281473226986943","SG","Singapore"
"281473230968064","281473230968319","SG","Singapore"
"281473231042048","281473231042303","AE","United Arab Emirates"
"281473231380679","281473231380679","NL","Netherlands (Kingdom of the)"
"281473243348992","281473243357183","HK","Hong Kong"
"281473252327424","281473252360191","NL","Netherlands (Kingdom of the)"
"281473265835286","281473265835286","CZ","Czechia"
"281473265866979","281473265866981","NL","Netherlands (Kingdom of the)"
"281473265881729","281473265881729","US","United States of America"
"281473265885535","281473265885535","SG","Singapore"
"281473266155529","281473266155529","US","United States of America"
"281473266358910","281473266358916","GB","United Kingdom of Great Britain and Northern Ireland"
"281473266362106","281473266362108","DE","Germany"
"281473266369305","281473266369305","BE","Belgium"
"281473266375736","281473266375951","GB","United Kingdom of Great Britain and Northern Ireland"
"281473266387413","281473266387413","GB","United Kingdom of Great Britain and Northern Ireland"
"281473266390853","281473266390853","GB","United Kingdom of Great Britain and Northern Ireland"
"281473266394185","281473266394185","BE","Belgium"
"281473266413680","281473266413687","PT","Portugal"
"281473266637824","281473266638847","US","United States of America"
"281473267018279","281473267018304","US","United States of America"
"281473267073631","281473267073632","US","United States of America"
"281473267075859","281473267075860","US","United States of America"
"281473267139987","281473267139987","CA","Canada"
"281473267150862","281473267150862","FR","France"
"281473268135424","281473268135679","US","United States of America"
"281473268642351","281473268642554","DE","Germany"
"281473268975210","281473268975210","BR","Brazil"
"281473268982365","281473268982365","UA","Ukraine"
"281473268988074","281473268988074","ME","Montenegro"
"281473268989882","281473268989884","ES","Spain"
"281473268993635","281473268993636","US","United States of America"
"281473269180416","281473269181439","US","United States of America"
"281473270974034","281473270974035","SG","Singapore"
"281473278150656","281473278151679","US","United States of America"
"281473279288486","281473279288487","HK","Hong Kong"
"281473282398720","281473282398975","MX","Mexico"
"281473292645713","281473292645713","HK","Hong Kong"
"281473292647640","281473292647640","HK","Hong Kong"
"281473292655257","281473292655257","HK","Hong Kong"
"281473292656705","281473292656705","HK","Hong Kong"
"281473292676848","281473292676848","HK","Hong Kong"
"281473292696053","281473292696053","HK","Hong Kong"
"281473302396928","281473302462463","NO","Norway"
"281473313996800","281473313997055","US","United States of America"
"281473315051776","281473315053055","CA","Canada"
"281473316485632","281473316486143","SG","Singapore"
"281473321205760","281473321336831","GB","United Kingdom of Great Britain and Northern Ireland"
"281473326769505","281473326769506","PL","Poland"
"281473326772130","281473326772130","IT","Italy"
"281473331512090","281473331512091","SG","Singapore"
"281473331514478","281473331514479","CA","Canada"
"281473331516982","281473331516983","IN","India"
"281473331519470","281473331519471","NL","Netherlands (Kingdom of the)"
"281473337077559","281473337077559","CA","Canada"
"281473339490304","281473339506687","US","United States of America"
"281473344099413","281473344099414","SG","Singapore"
"281473349889675","281473349889676","GB","United Kingdom of Great Britain and Northern Ireland"
"281473353462003","281473353462004","US","United States of America"
"281473354489645","281473354489646","DE","Germany"
"281473357378646","281473357378646","NL","Netherlands (Kingdom of the)"
"281473366028288","281473366028799","US","United States of America"
"281473370196992","281473370197503","US","United States of America"
"281473374033870","281473374033884","ZA","South Africa"
"281473374038810","281473374038820","ZA","South Africa"
"281473374054089","281473374054103","ZA","South Africa"
"281473374062548","281473374062552","ZA","South Africa"
"281473374088665","281473374088665","ZA","South Africa"
"281473374228878","281473374228878","ZA","South Africa"
"281473374232997","281473374232997","ZA","South Africa"
"281473374236071","281473374236080","ZA","South Africa"
"281473374250171","281473374250251","ZA","South Africa"
"281473374255804","281473374255804","ZA","South Africa"
"281473374260598","281473374260598","ZA","South Africa"
"281473374262361","281473374262361","ZA","South Africa"
"281473374282140","281473374282146","ZA","South Africa"
"281473374288522","281473374288524","ZA","South Africa"
"281473382523897","281473382523903","SG","Singapore"
"281473393123840","281473393124351","SG","Singapore"
"281473398089714","281473398089716","US","United States of America"
"281473400951528","281473400951535","FR","France"
"281473407564083","281473407564083","HK","Hong Kong"
"281473407575020","281473407575039","US","United States of America"
"281473413455104","281473413455359","VG","Virgin Islands (British)"
"281473416766203","281473416766203","BE","Belgium"
"281473421057737","281473421057737","HK","Hong Kong"
"281473424077941","281473424077942","CF","Central African Republic"
"281473424865024","281473424865791","ID","Indonesia"
"281473428281688","281473428281688","HK","Hong Kong"
"281473428283105","281473428283105","HK","Hong Kong"
"281473428289880","281473428289880","HK","Hong Kong"
"281473429798912","281473429864447","CN","China"
"281473439121679","281473439121679","DE","Germany"
"281473441892256","281473441892287","CZ","Czechia"
"281473450094336","281473450094463","PA","Panama"
"281473455738958","281473455738958","FR","France"
"281473464450984","281473464450991","ES","Spain"
"281473466878404","281473466878404","US","United States of America"
"281473470946846","281473470946848","US","United States of America"
"281473491019552","281473491019559","US","United States of America"
"281473491066544","281473491066703","CA","Canada"
"281473505300372","281473505300427","ZA","South Africa"
"281473505308900","281473505308900","ZA","South Africa"
"281473505310315","281473505310315","ZA","South Africa"
"281473505334266","281473505334266","ZA","South Africa"
"281473505339985","281473505339985","ZA","South Africa"
"281473506264832","281473506264832","PT","Portugal"
"281473513791737","281473513791737","CA","Canada"
"281473513837236","281473513837236","HK","Hong Kong"
"281473513842074","281473513842074","HK","Hong Kong"
"281473513860631","281473513860631","HK","Hong Kong"
"281473513873188","281473513873188","HK","Hong Kong"
"281473513879165","281473513879165","HK","Hong Kong"
"281473515781017","281473515781018","US","United States of America"
"281473520398168","281473520398168","GB","United Kingdom of Great Britain and Northern Ireland"
"281473520712836","281473520712836","NL","Netherlands (Kingdom of the)"
"281473527283200","281473527283711","BR","Brazil"
"281473538609438","281473538609440","US","United States of America"
"281473541375256","281473541375261","US","United States of America"
"281473547309056","281473547310079","CA","Canada"
"281473555562597","281473555562600","GB","United Kingdom of Great Britain and Northern Ireland"
"281473572043008","281473572043775","JP","Japan"
"281473574650608","281473574650799","US","United States of America"
"281473581650583","281473581650583","PL","Poland"
"281473581652625","281473581652626","MY","Malaysia"
"281473581689350","281473581689351","ZA","South Africa"
"281473582205280","281473582205295","SZ","Eswatini"
"281473582262384","281473582262783","US","United States of America"
"281473584066832","281473584066832","NL","Netherlands (Kingdom of the)"
"281473597648077","281473597648077","CA","Canada"
"281473599920640","281473599921151","US","United States of America"
"281473629334496","281473629334496","SG","Singapore"
"281473636584096","281473636584103","FR","France"
"281473638947349","281473638947350","FR","France"
"281473641869312","281473641870335","FR","France"
"281473650393088","281473650786303","IT","Italy"
"281473669537536","281473669537790","AT","Austria"
"281473670233656","281473670233743","FR","France"
"281473670288748","281473670288815","FR","France"
"281473674178560","281473674178815","BE","Belgium"
"281473679519744","281473679523839","NO","Norway"
"281473683629784","281473683629797","BE","Belgium"
"281473688858624","281473688859647","CO","Colombia"
"281473714812928","281473714813951","JP","Japan"
"281473732481024","281473732481279","CA","Canada"
"281473738866688","281473739194367","IN","India"
"281473772072960","281473772077055","TW","Taiwan (Province of China)"
"281473775616660","281473775616661","SG","Singapore"
"281473775621197","281473775621198","JP","Japan"
"281473775687156","281473775687159","FR","France"
"281473785822338","281473785822343","FR","France"
"281473786352912","281473786352913","SE","Sweden"
"281473786983424","281473786984191","CH","Switzerland"
"281473787468800","281473787469823","SK","Slovakia"
"281473788048384","281473788049407","DE","Germany"
"281473788602368","281473788602623","NL","Netherlands (Kingdom of the)"
"281473789233471","281473789233471","MT","Malta"
"281473789811712","281473789812735","CZ","Czechia"
"281473790549248","281473790549759","AT","Austria"
"281473791211749","281473791211752","ES","Spain"
"281473791834112","281473791835135","DE","Germany"
"281473792382245","281473792382253","NL","Netherlands (Kingdom of the)"
"281473793036868","281473793036882","GB","United Kingdom of Great Britain and Northern Ireland"
"281473793597569","281473793597598","BE","Belgium"
"281473794110864","281473794110867","SE","Sweden"
"281473794677628","281473794677631","BE","Belgium"
"281473794892880","281473794892895","GB","United Kingdom of Great Britain and Northern Ireland"
"281473795245984","281473795245988","GB","United Kingdom of Great Britain and Northern Ireland"
"281473795527680","281473795528703","IT","Italy"
"281473796025344","281473796026367","US","United States of America"
"281473796215630","281473796215631","US","United States of America"
"281473796763648","281473796764671","FR","France"
"281473797432832","281473797433343","UA","Ukraine"
"281473798093824","281473798094847","HU","Hungary"
"281473798590464","281473798591487","AT","Austria"
"281473799096320","281473799096575","TH","Thailand"
"281473799665408","281473799665663","DE","Germany"
"281473800145153","281473800145153","SE","Sweden"
"281473800465408","281473800466431","IQ","Iraq"
"281473801073664","281473801074687","IE","Ireland"
"281473801591808","281473801592079","DE","Germany"
"281473802116096","281473802116607","GB","United Kingdom of Great Britain and Northern Ireland"
"281473814040150","281473814040150","CA","Canada"
"281473838673152","281473838673407","LU","Luxembourg"
"281473843724288","281473843732479","SK","Slovakia"
"281473846714720","281473846714735","GB","United Kingdom of Great Britain and Northern Ireland"
"281473849921366","281473849921366","US","United States of America"
"281473853345792","281473853349887","US","United States of America"
"281473869761280","281473869761311","SV","El Salvador"
"281473874118648","281473874118655","PA","Panama"
"281473875485228","281473875485228","US","United States of America"
"281473876804608","281473876805631","AR","Argentina"
"281473892811520","281473892811775","SG","Singapore"
"281473901548925","281473901548925","BR","Brazil"
"281473905134080","281473905134335","ZA","South Africa"
"281473907460864","281473907461119","-","-"
"281473909197504","281473909197535","CO","Colombia"
"281473910281272","281473910281275","BR","Brazil"
"281473912119296","281473912125439","CA","Canada"
"281473912911360","281473912914097","US","United States of America"
"281473913698270","281473913698272","US","United States of America"
"281473914640480","281473914640543","NL","Netherlands (Kingdom of the)"
"281473915407360","281473915407615","CA","Canada"
"281473917889220","281473917889223","IN","India"
"281473918477120","281473918477121","NL","Netherlands (Kingdom of the)"
"281473918486341","281473918486343","NL","Netherlands (Kingdom of the)"
"281473919415597","281473919415626","US","United States of America"
"281473920315136","281473920315391","NO","Norway"
"281473921453824","281473921454079","DE","Germany"
"281473921848576","281473921848831","UA","Ukraine"
"281473922247936","281473922248191","CH","Switzerland"
"281473923450368","281473923450623","AE","United Arab Emirates"
"281473926075904","281473926076415","DE","Germany"
"281473926926336","281473926927359","UA","Ukraine"
"281473927264335","281473927264336","ES","Spain"
"281473927815168","281473927823359","NL","Netherlands (Kingdom of the)"
"281473929705216","281473929705471","KZ","Kazakhstan"
"281473931547825","281473931547888","SE","Sweden"
"281473932931072","281473932932095","NL","Netherlands (Kingdom of the)"
"281473934746624","281473934746879","UA","Ukraine"
"281473935495400","281473935495407","SE","Sweden"
"281473935522768","281473935522775","IE","Ireland"
"281473936234420","281473936234751","FR","France"
"281473937029456","281473937029463","DK","Denmark"
"281473938532864","281473938533119","UA","Ukraine"
"281473939287936","281473939288063","DE","Germany"
"281473940335834","281473940335841","NL","Netherlands (Kingdom of the)"
"281473941594736","281473941594767","GB","United Kingdom of Great Britain and Northern Ireland"
"281473942318080","281473942319103","IL","Israel"
"281473944174098","281473944174098","NL","Netherlands (Kingdom of the)"
"281473945510400","281473945517311","FI","Finland"
"281473947005451","281473947005451","US","United States of America"
"281473949377536","281473949379111","GB","United Kingdom of Great Britain and Northern Ireland"
"281473951178752","281473951186943","AU","Australia"
"281473953433801","281473953433801","US","United States of America"
"281473953437923","281473953437924","FR","France"
"281473953849856","281473953850111","SE","Sweden"
"281473954167873","281473954167873","NL","Netherlands (Kingdom of the)"
"281473955132176","281473955132223","DE","Germany"
"281473956882153","281473956882153","EE","Estonia"
"281473958037570","281473958037576","DE","Germany"
"281473958041706","281473958041708","DE","Germany"
"281473958249536","281473958249551","CA","Canada"
"281473958650240","281473958650367","GB","United Kingdom of Great Britain and Northern Ireland"
"281473959171072","281473959185274","GB","United Kingdom of Great Britain and Northern Ireland"
"281473961753088","281473961753599","GB","United Kingdom of Great Britain and Northern Ireland"
"281473962336796","281473962336797","DE","Germany"
"281473963717120","281473963717631","DK","Denmark"
"281473965311424","281473965311439","NL","Netherlands (Kingdom of the)"
"281473966467840","281473966468095","FR","France"
"281473967199448","281473967199463","NL","Netherlands (Kingdom of the)"
"281473967852032","281473967852107","EE","Estonia"
"281473969225728","281473969277631","DE","Germany"
"281473971316214","281473971316220","SC","Seychelles"
"281473973859840","281473973867519","US","United States of America"
"281473986478080","281473986480127","UG","Uganda"
"281473986556446","281473986556458","SC","Seychelles"
"281474003753728","281474003753983","PA","Panama"
"281474005428096","281474005428099","IN","India"
"281474006945184","281474006945199","AR","Argentina"
"281474007196752","281474007196753","ES","Spain"
"281474010518049","281474010518049","GB","United Kingdom of Great Britain and Northern Ireland"
"281474016085379","281474016085391","US","United States of America"
"281474019814912","281474019815679","-","-"
"281474023403616","281474023403775","US","United States of America"
"281474026967406","281474026967411","US","United States of America"
"281474032861184","281474032863241","US","United States of America"
"281474037161760","281474037161791","BE","Belgium"
"281474038252865","281474038252865","US","United States of America"
"281474041713814","281474041713816","SG","Singapore"
"281474044854236","281474044854271","CO","Colombia"
"281474064334848","281474064343039","MX","Mexico"
"281474072528384","281474072528895","-","-"
"281474073604182","281474073608191","ID","Indonesia"
"281474074934784","281474074935295","SB","Solomon Islands"
"281474076281895","281474076281900","HK","Hong Kong"
"281474076647680","281474076647935","IN","India"
"281474079605760","281474079608575","JP","Japan"
"281474081521664","281474081529855","IN","India"
"281474085429913","281474085429913","DO","Dominican Republic"
"281474088189883","281474088189885","AU","Australia"
"281474088904960","281474088905215","CN","China"
"281474089450496","281474089451007","AU","Australia"
"281474091236352","281474091237375","AU","Australia"
"281474093868033","281474093868033","SG","Singapore"
"281474094787891","281474094788607","HK","Hong Kong"
"281474097895424","281474097896447","AU","Australia"
"281474100182736","281474100182736","DE","Germany"
"281474104287232","281474104290047","KR","Korea (the Republic of)"
"281474108797952","281474108803839","US","United States of America"
"281474110341872","281474110341887","US","United States of America"
"281474112877568","281474112970592","US","United States of America"
"281474116832000","281474116844679","CA","Canada"
"281474120361859","281474120361896","US","United States of America"
"281474130946992","281474130947015","CA","Canada"
"281474134081024","281474134081535","DE","Germany"
"281474135515648","281474135515903","MY","Malaysia"
"281474141335808","281474141336063","ZA","South Africa"
"281474143923456","281474143924735","US","United States of America"
"281474147554816","281474147554881","FI","Finland"
"281474149990912","281474149991167","US","United States of America"
"281474153470085","281474153470085","HK","Hong Kong"
"281474153473518","281474153473518","HK","Hong Kong"
"281474153490363","281474153490363","HK","Hong Kong"
"281474154191104","281474154191359","US","United States of America"
"281474157651549","281474157651549","HK","Hong Kong"
"281474159089638","281474159089640","US","United States of America"
"281474163703831","281474163703848","US","United States of America"
"281474166204624","281474166204631","CA","Canada"
"281474170653696","281474170654719","CA","Canada"
"281474174611127","281474174611128","US","United States of America"
"281474174797445","281474174797446","GB","United Kingdom of Great Britain and Northern Ireland"
"281474177146880","281474177147391","CA","Canada"
"281474178056192","281474178075903","US","United States of America"
"281474179061346","281474179061348","CA","Canada"
"281474179756417","281474179756542","PG","Papua New Guinea"
"281474182932609","281474182932610","CH","Switzerland"
"281474183479888","281474183479895","CA","Canada"
"281474189699584","281474189699839","AU","Australia"
"281474191306528","281474191306655","CA","Canada"
"281474193814770","281474193814770","SG","Singapore"
"281474196093420","281474196093423","GB","United Kingdom of Great Britain and Northern Ireland"
"281474196963192","281474196963327","CA","Canada"
"281474199187008","281474199187039","US","United States of America"
"281474201350144","281474201351679","US","United States of America"
"281474205270655","281474205270656","SG","Singapore"
"281474210210811","281474210210812","SG","Singapore"
"281474226925619","281474226925772","TW","Taiwan (Province of China)"
"281474239582208","281474239582463","DE","Germany"
"281474240838728","281474240838735","NL","Netherlands (Kingdom of the)"
"281474241729648","281474241729655","EE","Estonia"
"281474243076744","281474243076751","AT","Austria"
"281474243381055","281474243381057","GB","United Kingdom of Great Britain and Northern Ireland"
"281474243385776","281474243385778","GB","United Kingdom of Great Britain and Northern Ireland"
"281474243987836","281474243987838","FR","France"
"281474243998754","281474243998755","FR","France"
"281474245454432","281474245454439","HU","Hungary"
"281474246086929","281474246086929","PL","Poland"
"281474246096176","281474246096183","IT","Italy"
"281474246968457","281474246968457","NL","Netherlands (Kingdom of the)"
"281474247236000","281474247236015","FR","France"
"281474248412148","281474248412150","SE","Sweden"
"281474248426361","281474248426361","SE","Sweden"
"281474248455172","281474248455172","CA","Canada"
"281474248466978","281474248466978","VE","Venezuela (Bolivarian Republic of)"
"281474248474423","281474248474423","SE","Sweden"
"281474250151693","281474250151693","ES","Spain"
"281474251101217","281474251101217","NL","Netherlands (Kingdom of the)"
"281474252575181","281474252575193","SE","Sweden"
"281474252999378","281474252999380","GB","United Kingdom of Great Britain and Northern Ireland"
"281474253014552","281474253014555","ES","Spain"
"281474253020317","281474253020317","BE","Belgium"
"281474253063950","281474253063952","DE","Germany"
"281474253073200","281474253073215","ES","Spain"
"281474253081466","281474253081472","DE","Germany"
"281474253091714","281474253091716","DE","Germany"
"281474253100445","281474253100445","ES","Spain"
"281474253119376","281474253119383","CZ","Czechia"
"281474256590032","281474256590032","SE","Sweden"
"281474257850617","281474257850617","CZ","Czechia"
"281474257862712","281474257862719","GR","Greece"
"281474257869121","281474257869121","PL","Poland"
"281474258353855","281474258353877","NL","Netherlands (Kingdom of the)"
"281474258623917","281474258624035","SE","Sweden"
"281474260951552","281474260952063","DE","Germany"
"281474262461440","281474262461695","RU","Russian Federation"
"281474264407800","281474264407803","RO","Romania"
"281474265481703","281474265481703","BE","Belgium"
"281474265859774","281474265859774","FR","France"
"281474266166785","281474266166787","NL","Netherlands (Kingdom of the)"
"281474267004928","281474267013119","IT","Italy"
"281474268293960","281474268293967","FR","France"
"281474268426430","281474268426430","CH","Switzerland"
"281474268610280","281474268610559","NO","Norway"
"281474270212872","281474270212951","AT","Austria"
"281474270701424","281474270701431","DE","Germany"
"281474271180211","281474271180211","DE","Germany"
"281474271561425","281474271561426","SE","Sweden"
"281474271563304","281474271563304","DE","Germany"
"281474271565694","281474271565694","US","United States of America"
"281474271567325","281474271567325","BE","Belgium"
"281474271568957","281474271568957","BE","Belgium"
"281474271740017","281474271740017","SK","Slovakia"
"281474271748018","281474271748020","NL","Netherlands (Kingdom of the)"
"281474271987301","281474271987301","SE","Sweden"
"281474271992606","281474271992613","DE","Germany"
"281474271995881","281474271995882","SG","Singapore"
"281474306491648","281474306492955","US","United States of America"
"281474309474034","281474309474034","DE","Germany"
"281474309477139","281474309477140","DE","Germany"
"281474309963200","281474309963231","DE","Germany"
"281474309971805","281474309971805","FR","France"
"281474313184409","281474313184415","US","United States of America"
"281474316026368","281474316027391","US","United States of America"
"281474318160632","281474318160807","US","United States of America"
"281474319413248","281474319450111","US","United States of America"
"281474321295791","281474321295791","CA","Canada"
"281474323464192","281474323472383","MK","North Macedonia"
"281474326692876","281474326692876","NO","Norway"
"281474329726016","281474329726019","DE","Germany"
"281474330190588","281474330190589","FR","France"
"281474332034048","281474332034492","SE","Sweden"
"281474332973932","281474332973932","IT","Italy"
"281474334215232","281474334215295","BE","Belgium"
"281474336682752","281474336683007","NL","Netherlands (Kingdom of the)"
"281474379329293","281474379329294","SG","Singapore"
"281474430959747","281474430960140","CN","China"
"42540571856626018766539981805290782720","42540571866529539080823024004483776511","AU","Australia"
"42540578165169671063497457998445412354","42540578165169671063497457998445412354","DE","Germany"
"42540578165169732491155223451252293634","42540578165169732491155223451252293634","MY","Malaysia"
"42540578165174521690191872146171494400","42540578165174521745532104367300149247","US","United States of America"
"42540578165178156123049506623159533568","42540578165178156141496250696869085183","BR","Brazil"
"42540578165181781480109056835048177664","42540578165181781498555800908757729279","CN","China"
"42540578165184195955994120604549644288","42540578165184195974440864678259195903","EE","Estonia"
"42540578165184223091154653031300071424","42540578165184223109601397105009623039","CN","China"
"42540578165184253897217256126251270144","42540578165184253934110744273670373375","US","United States of America"
"42540578165198686482206573889759215616","42540578165198686500653317963468767231","CN","China"
"42540578165198721918401939485807869952","42540578165198721936848683559517421567","CN","China"
"42540578165198759937141475401193750528","42540578165198759974034963548612853759","US","United States of America"
"42540578165203532847703107010578874368","42540578165203532884596595157997977599","US","United States of America"
"42540578165211991897346011704825217024","42540578165211991915792755778534768639","US","United States of America"
"42540578165212013295569137207905091584","42540578165212013332462625355324194815","JP","Japan"
"42540578165214406465464795842874441728","42540578165214406483911539916583993343","AT","Austria"
"42540578165214427457859551724344180736","42540578165214427476306295798053732351","RU","Russian Federation"
"42540578165216827821985399106038661120","42540578165216827877325631327167315967","RU","Russian Federation"
"42540578165216854182382680436987920384","42540578165216854200829424510697471999","RU","Russian Federation"
"42540578165216882885516459129050234880","42540578165216882903963203202759786495","US","United States of America"
"42540578165233751307720478017720418304","42540578165233751326167222091429969919","RU","Russian Federation"
"42540578165233771986520584646127779840","42540578165233772004967328719837331455","CN","China"
"42540578165233832288926961602652012544","42540578165233832344267193823780667391","US","United States of America"
"42540578165300233225788174652068069376","42540578165300233244234918725777620991","RU","Russian Federation"
"42540578165300254882265717187081666560","42540578165300254937605949408210321407","DE","Germany"
"42540578165300287772810400611212197888","42540578165300287791257144684921749503","US","United States of America"
"42540578165302664377529881055004196864","42540578165302664395976625128713748479","RU","Russian Federation"
"42540578165305069869850580927954026496","42540578165305069962084301296501784575","PL","Poland"
"42540578165305092891387184917474443264","42540578165305092909833928991183994879","PL","Poland"
"42540578165318371411173763264014188544","42540578165318371614087948074819256319","US","United States of America"
"42540578174768545594565731724136808448","42540578174768545613012475797846360063","DE","Germany"
"42540578174768612353332534479004106752","42540578174768613995092757039154200575","US","United States of America"
"42540578174771009932000026730556293120","42540578174771009950446770804265844735","RU","Russian Federation"
"42540578174773404282487306082936946688","42540578174773404300934050156646498303","GB","United Kingdom of Great Britain and Northern Ireland"
"42540578174775805126228499381079769088","42540578174775805144675243454789320703","RU","Russian Federation"
"42540578174775826930279994505769779200","42540578174775826948726738579479330815","US","United States of America"
"42540578174775850136284039232385712128","42540578174775850357644968116900331519","DE","Germany"
"42540578174780636180927451322971586560","42540578174780636199374195396681138175","MX","Mexico"
"42540578174783077146337004939389173760","42540578174783077164783749013098725375","CN","China"
"42540578174785483856142813677169410048","42540578174785483874589557750878961663","TW","Taiwan (Province of China)"
"42540578174787884238715405132573442048","42540578174787884257162149206282993663","NL","Netherlands (Kingdom of the)"
"42540578174787913200103600856569479168","42540578174787913218550344930279030783","AF","Afghanistan"
"42540578174790307052528790218792239104","42540578174790307070975534292501790719","TW","Taiwan (Province of China)"
"42540578174795143659697708347259092992","42540578174795143678144452420968644607","HU","Hungary"
"42540578174795165869577573093559238656","42540578174795165888024317167268790271","CH","Switzerland"
"42540578174797576453199637310345314304","42540578174797577043495447669050966015","US","United States of America"
"42540578174804812446816966913900412928","42540578174804812465263710987609964543","DE","Germany"
"42540578174812078029011790747576303616","42540578174812078047458534821285855231","TR","Turkiye"
"42540578174819314686711907004675260416","42540578174819314723605395152094363647","CA","Canada"
"42540578177708646491700411120454991872","42540578177709855417520025749629698047","CN","China"
"42540578188032872991209344272445734912","42540578188059469359240866114289270783","US","United States of America"
"42540578192566344814764203677593894912","42540578192567553740583818306768601087","NF","Norfolk Island"
"42540578195593495067079235131058159616","42540578195594703992898849760232865791","BY","Belarus"
"42540578199869465691056178521993904128","42540578199871883542695407780343316479","DE","Germany"
"42540578201344355190986026115135438848","42540578201346773042625255373484851199","RU","Russian Federation"
"42540578203464811078590085687570071552","42540578203466020004409700316744777727","US","United States of America"
"42540578207952343720999589184079396864","42540578207957179424278047700778221567","US","United States of America"
"42540578220815314441699243602953109504","42540578220817732293338472861302521855","CA","Canada"
"42540578222657717390791938465205321728","42540578222658926316611553094380027903","LA","Lao People's Democratic Republic"
"42540578228338459817161080957149642752","42540578228380772220847592978264358911","US","United States of America"
"42540578233801595595999590197646852096","42540578233802804521819204826821558271","RU","Russian Federation"
"42540578237311107250340858691818881024","42540578237312316176160473320993587199","CN","China"
"42540578239114824573205885420480495616","42540578239116033499025500049655201791","US","United States of America"
"42540578240784351130093688310749724672","42540578240785560055913302939924430847","BY","Belarus"
"42540578242979760418513854892016140288","42540578242984596121792313408714964991","US","United States of America"
"42540589574178603523813148695919067136","42540589574183439227091607212617891839","CA","Canada"
"42540595912276937717913209561981453338","42540595912276937717913209561981453338","IT","Italy"
"42540595912276937717913209561983368483","42540595912276937717913209561983368485","US","United States of America"
"42540595912279280140815921419389894656","42540595912279280140815921419389960191","US","United States of America"
"42540595912279282778700323959855054848","42540595912279282852487300254693064703","US","United States of America"
"42540618096201044420040792560858300416","42540618096201044438487536634567852031","PL","Poland"
"42540619365526014268687340874640654336","42540619365534476749424643278863597567","-","-"
"42540619368026072863650394007933026304","42540619368029699641109237895457144831","-","-"
"42540619681331288274977690924785598464","42540619681334915052436534812309716991","-","-"
"42540619683792661243713075924487372800","42540619683796288021171919812011491327","-","-"
"42540619686301182319413431462002688000","42540619686302391245233046091177394175","PL","Poland"
"42540619690722224041744130353903173632","42540619690725850819202974241427292159","-","-"
"42540619693236789746542559037292019712","42540619693240416524001402924816138239","-","-"
"42540629506097338965044487160720261120","42540629506098547890864101789894967295","FR","France"
"42540633317874298169812972773604065280","42540633317875507058739099255359668223","GB","United Kingdom of Great Britain and Northern Ireland"
"42540667535154480622130317646121402368","42540667535154480640577061719830953983","DE","Germany"
"42540673268724977192142816404467351552","42540673268725118863137302493823762431","IT","Italy"
"42540680211044195650112514276924325888","42540680211044195650112514276924522495","DE","Germany"
"42540680211044195797686466866648383488","42540680211044195797686466866648580095","GB","United Kingdom of Great Britain and Northern Ireland"
"42540680211044196369535533151601950720","42540680211044196369535533151602147327","NL","Netherlands (Kingdom of the)"
"42540680211044197753041338679815569408","42540680211044197753041338679815831551","DE","Germany"
"42540707469550569520424254032660463894","42540707469550569520424254032660463894","EE","Estonia"
"42540770848248286083566772341369208832","42540770848249495009386386970543915007","ID","Indonesia"
"42540770878157110860832698123600003072","42540770878158319786652312752774709247","ID","Indonesia"
"42540770922181353507919034149700108288","42540770922182562433738648778874814463","AU","Australia"
"42540770965046236293994940797256990720","42540770965122398620630662435263479807","-","-"
"42540771008450299995618972056732827648","42540771008451508921438586685907533823","ID","Indonesia"
"42540771052397171390249971815651737600","42540771052398380316069586444826443775","SG","Singapore"
"42540771095879815270148953971483475968","42540771095881024195968568600658182143","IN","India"
"42540771138898231635315918524228042752","42540771138899440561135533153402748927","VN","Viet Nam"
"42540771181763114421391825171784925184","42540771181839276748027546809791414271","-","-"
"42540771223853075757094754518355148800","42540771224006609336185812423542833151","-","-"
"42540771265788294587887011330562981888","42540771265864456914522732968569470975","-","-"
"42540771308497225943232630814582767616","42540771308573388269868352452589256703","-","-"
"42540771349889637081017919127347527680","42540771349890846006837533756522233855","IN","India"
"42540771390819029629890804466199822336","42540771390820238555710419095374528511","BT","Bhutan"
"42540771450936492787687084065988542464","42540771450937701713506698695163248639","AU","Australia"
"42540986354759398450747399488585859072","42540986354781919416504204826609975295","US","United States of America"
"42541014314965159950730934875947270475","42541014314965159950730934875947270477","CA","Canada"
"42541014314965159950730934875947597971","42541014314965159950730934875947597973","CA","Canada"
"42541014314965159950730934875947991519","42541014314965159950730934875947991521","CA","Canada"
"42541014314965159950730934875949236311","42541014314965159950730934875949236313","CA","Canada"
"42541053540246211533011037768137048064","42541053540255882939567954801534697471","GB","United Kingdom of Great Britain and Northern Ireland"
"42541141318959707453811855219933315072","42541141318959707453811855219933315073","US","United States of America"
"42541141398175827527716505596572205058","42541141398175828118012315955277856768","SE","Sweden"
"42541614343700707367978093686682550272","42541614343700712090344576556327763967","MT","Malta"
"42541866737420787557717637421894467584","42541866737438921445011856859515060223","-","-"
"42541956101379478477405091340446859264","42541956101379478495851835414156410879","HU","Hungary"
"42542044836912923026255394376836448256","42542044916141085540519731970380398591","PT","Portugal"
"47853222047965316522322589126200655872","47853224504038354464517054526063116287","-","-"
"47854547931264992736012217084209528832","47854548010493155250276554677753479167","PK","Pakistan"
"47855072817841649737248774312880504832","47855075273914687679443239712742965247","-","-"
"47856325177760727978780201810292375552","47856325177761936904599816439467081727","US","United States of America"
"47856720763621946435470720027047493632","47856723219694984377665185426909954047","-","-"
"47858056842914947969486335532135874560","47858056842914948024826567753264529407","AU","Australia"
"47859327053256015675120197248837746688","47859329509329053617314662648700207103","-","-"
"47861025705060321502518202831132950528","47861030696434559901171471224401821695","-","-"
"47862364344094162512766183349717827584","47862366800167200454960648749580287999","-","-"
"47863370858670743726910971732062896128","47863373314743781669105437131925356543","-","-"
"47864068066500869253081794918825852928","47864070522573907195276260318688313343","-","-"
"47866121660473238984712219578018562048","47866126651847477383365487971287433215","-","-"
"47868464278782460752646185485542096896","47868469270156699151299453878810968063","-","-"
"47871273392512566508999902179845210112","47871283454489205820570776559926902783","-","-"
"47873788411303419316132471639004676096","47873793402677657714785740032273547263","-","-"
"47876663442864736940415066161874468864","47876678575443777164903546528768983039","-","-"
"47878894507921138624161700359515930624","47878899499295377022814968752784801791","-","-"
"47881338459050216136183448409751945216","47881338538278378650447786003295895551","ID","Indonesia"
"47883529034801752912997431481737412608","47883529034811424319554348515135062015","US","United States of America"
"47885663762126357369165692754632638464","47885668753500595767818961147901509631","-","-"
"47887787309923952048886036482261778432","47887787475498432303305648250019643391","US","United States of America"
"47887839050556349010818661097333063680","47887844041930587409471929490601934847","-","-"
"47890556814215075820391132435461439488","47890556893443238334655470029005389823","TW","Taiwan (Province of China)"
"47893294939511568795898365314385051648","47893295018739731310162702907929001983","IN","India"
"50511070363243116960093146858913792001","50511070363243116960093146858913792001","JP","Japan"
"50511070375003060800429315381031600129","50511070375003060800429315381031600129","JP","Japan"
"50511070704294964801639267324068364288","50511070704296173727458881953243070463","IN","India"
"50511070712960700933177608020363837441","50511070712960700933177608020363837441","IN","India"
"50511071180282957204319788014071971842","50511071180282961871346038662588530688","US","United States of America"
"50511071343691089632101557070918057986","50511071343691089650548301144627609600","US","United States of America"
"50511071500290429265199364815848472577","50511071500290429265199364815848472577","BR","Brazil"
"50511071500290613714193357837655080961","50511071500290613714193357837655080961","BR","Brazil"
"50511080283398835965349310815904202762","50511080283398835965349310815904202762","IN","India"
"50511080293611831789380500123402895372","50511080293611831789380500123402895372","US","United States of America"
"50511312723429555152411080515202842624","50511312723739040162232425583927623679","CA","Canada"
"50512955726189019459106080936823881728","50512955726190228384925695565998587903","US","United States of America"
"50512955734823167662793762502575390720","50512955734824376588613377131750096895","AR","Argentina"
"50515550653091833440447891590850019328","50515550658887423819680423854391427071","US","United States of America"
"50521212019911766966006609619978289152","50521212024844184310034296652779487231","-","-"
"50526009701080516058421837005481574400","50526009701390001068243182074206355455","US","United States of America"
"50526045675618057691572625574031523840","50526045749894460048695442067978977279","-","-"
"50526076649187325621608448618844389376","50526076728106003126051441143663558655","-","-"
"50526109454288881674364388376911544320","50526109528565284031487204870858997759","-","-"
"50526127354901849740963163418247823360","50526127355211334750784508486972604415","US","United States of America"
"50526161190279003488976836961111113728","50526161264555405846099653455058567167","-","-"
"50526199853622310449973582610558877696","50526199927898712807096399104506331135","-","-"
"50526234238644841640696098208633323520","50526234392149406512083252296124727295","-","-"
"50526570874156824734165023521863892992","50526570874156825914756644239275196415","IL","Israel"
"50526572943994372592429868281554272256","50526572943994374953613109716376879103","SG","Singapore"
"50526573094710550060875880177585881088","50526573094710554783242363047231094783","AU","Australia"
"50530142568853430457611108831299895296","50530142569472400477253798968749457407","SA","Saudi Arabia"
"50532218970633083983087718231957307392","50532219049861246497352055825501257727","US","United States of America"
"50534617444796878307379687587965829120","50534622436171116706032955981234700287","-","-"
"50535530074449391597361455044545740800","50535530074450600523181069673720446975","PR","Puerto Rico"
"50537827056888493669959939646937890816","50537827136116656184224277240481841151","CA","Canada"
"50539525708692799497357945229233094656","50539525787920962011622282822777044991","US","United States of America"
"50541589443869971054823581862051446784","50541589523098133569087919455595397119","CA","Canada"
"50541822701720146134789639108223303680","50541822701720165024255570586804158463","IL","Israel"
"50541822701885466740621939647864373248","50541822701885598966883459997930356735","US","United States of America"
"50541822702006340433117471086754136064","50541822702006359322583402565334990847","NL","Netherlands (Kingdom of the)"
"50541822702086904005315227234099789824","50541822702087036231576747584165773311","US","United States of America"
"50541822702266731720982903323837333504","50541822702266863947244423673903316991","US","United States of America"
"50541822702383865299224002003717849088","50541822702383978636019590875202977791","US","United States of America"
"50541822702481618285419403659641356288","50541822702481750511680924009707339775","US","United States of America"
"50542360254663072332564029451144265728","50542365246037310731217297844413136895","-","-"
"50543536792876417348331662305847672832","50543536792876417366778406379557224447","BR","Brazil"
"50543536792876445793211023965976264704","50543536792876445811657768039685816319","FR","France"
"50543536792876473112838997129822208000","50543536792876473205072717498369966079","US","United States of America"
"50543536792876500506253946588506357760","50543536792876500524700690662215909375","BR","Brazil"
"50543536792876528360837497889929297920","50543536792876528379284241963638849535","CL","Chile"
"50545448251525228299386075420152561664","50545453242899466698039343813421432831","-","-"
"50546781770825923087577920291865624576","50546781770845265900691754358660923391","AE","United Arab Emirates"
"50548759354893024434582784808925003776","50548764346267262833236053202193874943","-","-"
"50551249020671872677127324334020362240","50551254012046111075780592727289233407","-","-"
"50552073553294684952544570819353772032","50552073553314018320925439146858643455","US","United States of America"
"50676817343263985416974013237049688064","50676817343265194342793627866224394239","AU","Australia"
"50676817347965498962472974225216897349","50676817347965498962472974225216897349","ES","Spain"
"50676817348274825583861173736662106654","50676817348274825583861173736662106669","US","United States of America"
"50676817348274825583861173736662111234","50676817348274825583861173736662111256","US","United States of America"
"50676817348274825583861173736662116401","50676817348274825583861173736662116402","US","United States of America"
"50676817348274825583861173736662122330","50676817348274825583861173736662122330","US","United States of America"
"50676817348274825583861173736662128009","50676817348274825583861173736662128009","IE","Ireland"
"50676817348274825583861173736662134742","50676817348274825583861173736662134742","ES","Spain"
"50676817348274825583861173736662142530","50676817348274825583861173736662142530","US","United States of America"
"50676818111774502168534935710241652736","50676818111775711094354550339416358911","US","United States of America"
"50676824469834543938248027592143667200","50676824469835752864067642221318373375","US","United States of America"
"50676830540692496593752895697448861696","50676830540693705519572510326623567871","US","United States of America"
"50676837384025033763335055339807571968","50676837384026242689154669968982278143","CA","Canada"
"50676840236248555683408125740787433472","50676840236258227089965042774185082879","US","United States of America"
"50676842632890800333347420912094281728","50676842632910143146461254978889580543","US","United States of America"
"53169282090673464129515673989224071168","53169282169901626643780011582768021503","CO","Colombia"
"53174314242657965769029937064421883904","53174314245132636921781082985045426175","-","-"
"53174322280467241157207223516868378624","53174322280485375044501442954488971263","-","-"
"53184819684080461537289819080412364800","53184819763308624051554156673956315135","CL","Chile"
"53185700701247620156723859289140101120","53185700780475782670988196882684051455","AR","Argentina"
"53186560247582737410522411647457296384","53186562703655775352716877047319756799","-","-"
"53187419714689692150056626412230541312","53187420903112129864021690315389796351","-","-"
"53188236081676239129791190289094803456","53188237270098676843756254192254058495","-","-"
"53189072731072389761196178113210351616","53189073919494827475161242016369606655","-","-"
"53189894406348243048280590015868698624","53189894485573987710905698351063236607","BR","Brazil"
"53190098815005111998632352100911153152","53190098894233274512896689694455103487","BR","Brazil"
"53190292448634296860673430722325774336","53190292527862459374937768315869724671","BR","Brazil"
"53190494321992383206205619072311230464","53190494401220545720469956665855180799","BR","Brazil"
"53190690490922768524705500687132262400","53190690570150931038969838280676212735","BR","Brazil"
"53190876201735701960312819954151849984","53190876280963864474577157547695800319","BR","Brazil"
"53191060011072735053576036976116629504","53191060090300897567840374569660579839","BR","Brazil"
"53191253327789269858559765223355449344","53191253407017432372824102816899399679","BR","Brazil"
"53191435869475702723593580748617023488","53191435948703865237857918342160973823","BR","Brazil"
"53191592503552993424189003185006837760","53191592741237480966982015965638688767","-","-"
"53191773460676176003936066839389405184","53191773698360663546729079620021256191","-","-"
"53191953150148758355453728997068767232","53191953387833245898246741777700618239","-","-"
"53192128719756889965225836290462711808","53192128957441377508018849071094562815","-","-"
"53192307458491522145571447325614669824","53192307696176009688364460106246520831","-","-"
"53192487147964104497089109483294031872","53192487702561242096939472638101684223","-","-"
"53192692507361341470252151949213302784","53192692745045829013045164729845153791","-","-"
"53192869344620073308253660739310452736","53192869582304560851046673519942303743","-","-"
"55827831898293953161676173980658040832","55827831898294028719539899894981459967","CG","Congo"
"55827935835796184524003501078164275200","55827935835797377770090653054220107775","AT","Austria"
"55828162745194372332172789505358561280","55828163379019672446287490253710163967","DK","Denmark"
"55829449410553603985015308659112017920","55829449489781766499279646252655968255","DE","Germany"
"55830047757730358893593936419683827712","55830047757730368338326902158974255103","IN","India"
"55830047820832976298573087718051414016","55830047820832981020939570587696627711","AT","Austria"
"55830047838197013964022150036616904704","55830047838197018686388632906262118399","PL","Poland"
"55830673961033424454617154474408411136","55830674594858724568731855222760013823","AT","Austria"
"55831967043873819762871018705221844992","55831969499946857705065484105084305407","-","-"
"55832789759065245230820217431783374848","55832789759066454156639832060958081023","GB","United Kingdom of Great Britain and Northern Ireland"
"55832789824628782238905654170202669056","55832789824628782257352398243912220671","IE","Ireland"
"55832789824631873230682877163800100864","55832789824631873267576365311219204095","KR","Korea (the Republic of)"
"55832846731802861494775893920367771904","55832846731802862675367514637779075071","FR","France"
"55832868977308107595416030142200283136","55832868977308108056584631984939073535","FI","Finland"
"55832868977326745189503926292837302272","55832868977326745300184390735094611967","FI","Finland"
"55832868977326822979423685126016466944","55832868977326823034763917347145121791","FI","Finland"
"55832868977327869002046384826140852224","55832868977327869020493128899850403839","FI","Finland"
"55832868977327942733682447443218661376","55832868977327942770575935590637764607","FI","Finland"
"55832868977328017811930827441093738496","55832868977328017830377571514803290111","FI","Finland"
"55832868977328096911569415507651067904","55832868977328097003803135876198825983","FI","Finland"
"55832868977346167508084718047800066048","55832868977346167877019599521991098367","FI","Finland"
"55832868977346292189627912250659438592","55832868977346292300308376692916748287","FI","Finland"
"55832868977347349999720075051187306496","55832868977347350055060307272315961343","FI","Finland"
"55832868977347483867741817961403383808","55832868977347484033762514624789348351","FI","Finland"
"55832868977347549372130023704021172224","55832868977347549390576767777730723839","FI","Finland"
"55832868977347613419225447623584382976","55832868977347613437672191697293934591","FI","Finland"
"55832868977365527181522635485125541888","55832868977365527273756355853673299967","FI","Finland"
"55832868977365682687575176856645664768","55832868977365682779808897225193422847","FI","Finland"
"55832868977366670197125674750072324096","55832868977366670418486603634586943487","FI","Finland"
"55832868977366841641165095806645043200","55832868977366841678058583954064146431","FI","Finland"
"55832868977366914727165115843888545792","55832868977366914745611859917598097407","FI","Finland"
"55832868977384826589447664113345888256","55832868977384826681681384481893646335","FI","Finland"
"55832868977404141750892131689523314688","55832868977404142064486780942585692159","FI","Finland"
"55832868977404409247127944551731298304","55832868977404409265574688625440849919","FI","Finland"
"55832868977405367758396758573742817280","55832868977405367776843502647452368895","FI","Finland"
"55832868977405448610476033642707550208","55832868977405448850283706600931721215","FI","Finland"
"55832868977405589156219131235781312512","55832868977405589230006107530619518975","FI","Finland"
"55832868992229366849963679647317098496","55832868992229367182005072974089027583","FI","Finland"
"55832868992266711065855795769733283840","55832868992266711268769980580538351615","FI","Finland"
"55832868992267874538898012778572808192","55832868992267874594238244999701463039","FI","Finland"
"55832868992267963193950031026677874688","55832868992267963230843519174096977919","FI","Finland"
"55832868992286079040328546376356986880","55832868992286079261689475260871606271","FI","Finland"
"55832868992286196066472949989752438784","55832868992286196287833878874267058175","FI","Finland"
"55832868992287405693268839419890106368","55832868992287405730162327567309209599","FI","Finland"
"55832868992305387929880028891286863872","55832868992305388022113749259834621951","FI","Finland"
"55832868992440792436277070597046927360","55832868992440792546957535039304237055","FI","Finland"
"55832868992440963142446728705237581824","55832868992440963492934866105719062527","FI","Finland"
"55834464236328106860527629616992485376","55834464315556269374791967210536435711","PL","Poland"
"55835582383385670673124087302763577344","55835584839458708615318552702626037759","-","-"
"55836484901123237263828759904690110464","55836484901123237282275503978399662079","IL","Israel"
"55837983868220849465280499842616918016","55837983868222058391100114471791624191","CZ","Czechia"
"55838171480508474317412306725516607488","55838171559736636831676644319060557823","SK","Slovakia"
"55838731148248475080693067519981780992","55838731227476637594957405113525731327","FI","Finland"
"55838750164709735838454894592903872514","55838750164709735856901638666613424128","NL","Netherlands (Kingdom of the)"
"55838750167185653898871702910668898305","55838750167185653917318446984378449919","NL","Netherlands (Kingdom of the)"
"55838750167804571769568896671216041986","55838750167804571788015640744925593600","NL","Netherlands (Kingdom of the)"
"55838750169351949705691257760645120002","55838750169351949742584745908064223232","NL","Netherlands (Kingdom of the)"
"55838750174303799587795953383500677122","55838750174303799772263394120596193280","NL","Netherlands (Kingdom of the)"
"55838750180029210934066792070650003458","55838750180029215453519090129490149376","NL","Netherlands (Kingdom of the)"
"55838750206025904664522157663046336514","55838750206025904682968901736755888128","NL","Netherlands (Kingdom of the)"
"55838750206026405253816085919148539906","55838750206026405272262829992858091520","NL","Netherlands (Kingdom of the)"
"55838750208501822300663852285491675138","55838750208501822319110596359201226752","NL","Netherlands (Kingdom of the)"
"55838750241926283549365608123188903938","55838750241926283567812352196898455552","NL","Netherlands (Kingdom of the)"
"55838750772758532077897968991076352000","55838750772758532096344713064785903615","US","United States of America"
"55838750774250346539302421392663773184","55838750774250346557749165466373324799","BR","Brazil"
"55838750776189510777629115285344616448","55838750776189510851416091580182822911","NI","Nicaragua"
"55838750778298680209339116405718515712","55838750778298689912326499176942665727","CN","China"
"55838750780281677453359806345272885248","55838750780281677471806550418982436863","AT","Austria"
"55838750782447619248713842635244044288","55838750782447620466198951500074450943","FI","Finland"
"55838750785233437610501327444869382144","55838750785233437628948071518578933759","TJ","Tajikistan"
"55838750788095593100271376364212322304","55838750788095593118718120437921873919","MH","Marshall Islands"
"55838750790745109872050770898872958976","55838750790745119316783736638163386367","DE","Germany"
"55838750791596134656371922114720038912","55838750791596134711712154335848693759","ES","Spain"
"55838750794028849446043922682284605440","55838750794028854592685519247249506303","US","United States of America"
"55838781933500646724133464981653946368","55838782488097784323983828136461598719","-","-"
"55840057190004476322911370665078554624","55840059646077514265105836064941015039","-","-"
"55841474344147368969117906385718214656","55841474977972669083232607134069817343","DE","Germany"
"55843467091046879176467346366694162432","55843467091048088102286960995868868607","JP","Japan"
"55843974225563372806904017468214215026","55843974225564581751170376171098472447","IE","Ireland"
"55844435655177664627264140277949923328","55844438111250702569458605677812383743","-","-"
"55845579076019070490184290304241172480","55845581532092108432378755704103632895","-","-"
"55846354878186410166578006286602862592","55846357334259448108772471686465323007","-","-"
"55847995155237648501690494069420064768","55847995155256991314804328136215363583","FR","France"
"55849932141757502756747269674331275264","55849932141758711682566884303505981439","US","United States of America"
"55849932206439869809408389037810515968","55849932206758346205013117911022174207","US","United States of America"
"55849932208081439956717603628414664704","55849932208081515514581329542738083839","TN","Tunisia"
"55849932208158811209172939895595859968","55849932208158886767036665809919279103","TN","Tunisia"
"55849932272467771299300590672737730560","55849932272470189150939819931087142911","IN","India"
"55849932312092732888809291132082061312","55849932312093941814628905761256767487","AU","Australia"
"55850571004854606743303046727919992832","55850571638679906857417747476271595519","NL","Netherlands (Kingdom of the)"
"55852741222682197472038409083807596544","55852741856507497586153109832159199231","GB","United Kingdom of Great Britain and Northern Ireland"
"55854586921956129774046988283674624000","55854587555781429888161689032026226687","SI","Slovenia"
"55856767281025999029025616117603762176","55856767281027207954845230746778468351","GB","United Kingdom of Great Britain and Northern Ireland"
"55857763223557168045614803357012066304","55857763223866653055436148425736847359","CH","Switzerland"
"55858075619058317964542495501536198656","55858075619059526890362110130710904831","RS","Serbia"
"55859247439387868859441590913009188864","55859251876164969658244496151470407679","-","-"
"55861356809409991017209503310808088576","55861356809411199943029117939982794751","DE","Germany"
"55862213107967102802126392450158166016","55862213741792402916241093198509768703","IR","Iran (Islamic Republic of)"
"55863937113402383213755118103967039488","55863937113711868223576463172691820543","US","United States of America"
"55865834151906654739411767782864322560","55865838588683755538214673021325541375","-","-"
"55867765660232350146839481890426060800","55867765665184110303981002990022557695","JP","Japan"
"55874402890260094488410495375902769152","55874402890260094506857239449612320767","CH","Switzerland"
"55876522506398804084139162423028350976","55876527418544879968528093222753271807","-","-"
"55878094235311776708809106431238209536","55878094235312985634628721060412915711","CA","Canada"
"55878094239638544371749496772683104256","55878094239638544390196240846392655871","IT","Italy"
"55878094239638569330194228501706440704","55878094239638569348640972575415992319","NZ","New Zealand"
"55878094239638614174229071689626419200","55878094239638614192675815763335970815","DK","Denmark"
"55878094239639743539241496409505005568","55878094239639743557688240483214557183","GB","United Kingdom of Great Britain and Northern Ireland"
"55878094316003948704221409208413716480","55878094316003948833348617724380577791","US","United States of America"
"55878094317357965397099440900723965952","55878094317357969363149416748277563391","US","United States of America"
"55878094319214863354963398959606792192","55878094319214863484090607475573653503","US","United States of America"
"55878094319253834389215375527379992576","55878094319253834665916536633023266815","US","United States of America"
"55878094320259369950448145338202062848","55878094320259370079575353854168924159","US","United States of America"
"55878094320298080516673801127106445312","55878094320298080793374962232749719551","US","United States of America"
"55878094320336836388102901946669596672","55878094320336837697821731180047761407","US","United States of America"
"55878094320375716959521941042801672192","55878094320375717974092865096827011071","US","United States of America"
"55878094321807818424916080087749623808","55878094321807822833687913704332460031","US","United States of America"
"55878094321885202516305291656778743808","55878094321885202645432500172745605119","US","United States of America"
"55878094323199475182567682056264876032","55878094323199475459268843161908150271","US","United States of America"
"55878094323238256289142675710494638080","55878094323238256418269884226461499391","US","United States of America"
"55878094323315606438522791653948784640","55878094323315606567650000169915645951","US","United States of America"
"55878094326178273567186468981415346176","55878094326178274876905298214793510911","US","United States of America"
"55878094326487755625528762256611868672","55878094326487755754655970772578729983","US","United States of America"
"55878094330781864564018502775460593664","55878094330781864693145711291427454975","US","United States of America"
"55878094330859438435510744668356739072","55878094330859440335525384260440555519","US","United States of America"
"55878094332174541057682499407989178368","55878094332174541186809707923956039679","US","United States of America"
"55878094332445362429795112204908888064","55878094332445370232767855384049221631","US","United States of America"
"55878094338867239250091825583100002304","55878094338867239821940891868096102399","US","United States of America"
"55878094341033549021096644231206797312","55878094341033549150223852747173658623","US","United States of America"
"55878094345018192134378876339264421888","55878094345018192558653990034584109055","US","United States of America"
"55878094347416677201087933683978993664","55878094347416677330215142199945854975","US","United States of America"
"55878094351710832330224834771544965120","55878094351710832754499948466864652287","US","United States of America"
"55878094552653595431829650162434703360","55878094552663266838386567195832352767","IT","Italy"
"55878094777020556145747907954503319552","55878094777030227552304824987900968959","IN","India"
"55879879165960045921329988099572236288","55879884157334284319983256492841107455","-","-"
"55881451343321633480407395206688669696","55881451343322842406227009835863375871","CH","Switzerland"
"55882886211447152938565097865049276416","55882886211450779716023941752573394943","CU","Cuba"
"55884650840503792519590234471069122560","55884655594193543375450490083706142719","-","-"
"55886055246997816250821057551567683584","55886055247017159063934891618362982399","RU","Russian Federation"
"55887678307049787588458358972499361792","55887682743826888387261264210960580607","-","-"
"55890127408009428527662050603092148224","55890131844786529326464955841553367039","-","-"
"55892327891009606815209749242865254400","55892327891036203183241271084708790271","NL","Netherlands (Kingdom of the)"
"55893048074992354368203099007277334528","55893052511769455167006004245738553343","-","-"
"55895071245350318622327887745593114624","55895080752729820334048398970867154943","-","-"
"55896247625107330419212476686167703552","55896252061884431218015381924628922367","-","-"
"55897905078267128829154933625608732672","55897905712092428943269634373960335359","SY","Syrian Arab Republic"
"55900025144978541964205558966075260928","55900025144979750890025173595249967103","IT","Italy"
"55901667465248606214018575840722288640","55901668099073906328133276589073891327","DE","Germany"
"55903168596296839526559898135051632640","55903168596298048452379512764226338815","FR","France"
"55904071010231199172939169805816037376","55904071564611939051078514338351284223","SE","Sweden"
"55905577533525010187607492421759270912","55905581970302110986410397660220489727","-","-"
"55906748208854320957459774627169435648","55906748842679621071574475375521038335","IN","India"
"55908380942827414916928902380897959936","55908381022055577431193239974441910271","IE","Ireland"
"55909567522881504284794912161151320064","55909567522881504303241656234860871679","FI","Finland"
"55910388901378176432300873158775275520","55910389535203476546415573907126878207","DE","Germany"
"55911397994643096843053890985556705280","55911397994826853567635314620112044031","DE","Germany"
"55912082482580081346781272754257657856","55912083116405381460895973502609260543","CY","Cyprus"
"55913999224770286342208828785987420160","55913999224771495268028443415162126335","NL","Netherlands (Kingdom of the)"
"55915982330453744125761005497492701184","55915982330454953051580620126667407359","US","United States of America"
"55917462391727449952361224762661273600","55917463025552750066475925511012876287","NL","Netherlands (Kingdom of the)"
"55919932408921994657350041088856948736","55919936845699095456152946327318167551","-","-"
"55922122275333888923641126643644235776","55922122909159189037755827391995838463","RU","Russian Federation"
"55924059245451037658166613606142050304","55924059879276337772281314354493652991","RU","Russian Federation"
"55925839028095430356943256377100337152","55925839028096639282762871006275043327","US","United States of America"
"55927852689872220634650592490484137984","55927857126649321433453497728945356799","-","-"
"55929251542674668083318762113232535552","55929251542675877009138376742407241727","MH","Marshall Islands"
"55930600956373515435993037343033393152","55930605393150616234795942581494611967","-","-"
"55932339953881641613219582162686181376","55932339954191126623040927231410962431","DO","Dominican Republic"
"55933678357747978637112207842377465856","55933678358480587683798673122249408511","DE","Germany"
"55934950899422705715019648830179115008","55934950899423914640839263459353821183","IL","Israel"
"58564813843267444922876065356686819328","58564818834641683321529333749955690495","-","-"
"58568710521984383985791928628796194816","58568710601212546500056266222340145151","CI","Cote D'ivoire"
"58569071247808311431320992034402074624","58569071802405449031171355189209726975","-","-"
